"","SiteID","site.type","Species","n","survival.binary","germination.binary","germ.rate.total","surv.rate.total","estab.rate.total","germ.rate.spring","surv.rate.spring","germination.total","potential.germ.total","survival.total","damage.any","canopy.cover.mean","elevation.m","TPI.30","TRI.gen","Slope","TRI.30","TPI.gen","aspect","aspect.gen","month","temp.soil.mean.monthly","temp.soil.median.monthly","temp.soil.min.monthly","temp.soil.max.monthly","temp.soil.se.monthly","temp.ground.mean.monthly","temp.ground.median.monthly","temp.ground.min.monthly","temp.ground.max.monthly","temp.ground.se.monthly","temp.air.mean.monthly","temp.air.median.monthly","temp.air.min.monthly","temp.air.max.monthly","temp.air.se.monthly","moisture.soil.mean.monthly","moisture.soil.median.monthly","moisture.soil.min.monthly","moisture.soil.max.monthly","moisture.soil.se.monthly","date"
"1","CR01","convex.rugged","pico",250,0,1,0.025,0,0,0.025,1,6,236,0,14,21.22,2437.812423,6.496385668,"convex",20.37066764,11.10871538,"high",323.7876155,"NW",8,17.8218380376344,18.5227083333333,12.0748958333333,20.7385416666667,0.471652794705056,17.0306821236559,17.5211458333333,11.6914583333333,21.5045833333333,0.538190216739061,16.3911794354839,17.0880208333333,10.9979166666667,21.1144791666667,0.532611077119917,3.10843413978495,0,0,28.2041666666667,1.33430744454996,"2025-08-01"
"2","CR01","convex.rugged","pico",250,0,1,0.025,0,0,0.025,1,6,236,0,14,21.22,2437.812423,6.496385668,"convex",20.37066764,11.10871538,"high",323.7876155,"NW",9,13.549296875,13.9211458333333,11.9066666666667,15.2857291666667,0.376651396629001,14.0528472222222,13.2755208333333,12.6251041666667,16.6121875,0.431435493226004,13.9293142361111,13.3148958333333,12.3677083333333,16.1419791666667,0.392401987929956,12.8775173611111,11.9692708333333,5.790625,26.2947916666667,1.8171709433728,"2025-09-01"
"3","CR01","convex.rugged","pico",250,0,1,0.025,0,0,0.025,1,6,236,0,14,21.22,2437.812423,6.496385668,"convex",20.37066764,11.10871538,"high",323.7876155,"NW",6,18.3601934210526,18.6502083333333,16.4028421052632,19.6310416666667,0.621205845395615,18.1839953947368,19.1066666666667,15.6677894736842,19.3997916666667,0.701565256300483,17.0082070175439,17.7559375,14.8693684210526,18.03875,0.589770513030605,0,0,0,0,0,"2025-06-01"
"4","CR01","convex.rugged","pico",250,0,1,0.025,0,0,0.025,1,6,236,0,14,21.22,2437.812423,6.496385668,"convex",20.37066764,11.10871538,"high",323.7876155,"NW",7,18.7031955645161,18.7577083333333,14.8153125,21.3842708333333,0.306744946429348,18.3320228494624,18.8507291666667,14.3852083333333,21.5873958333333,0.38771477278245,17.4864650537634,18.1069791666667,13.9092708333333,20.1028125,0.355948121049468,1.20319220430108,0.00104166666666667,0,10.0802083333333,0.494459492666772,"2025-07-01"
"5","CR01","convex.rugged","psme",250,1,1,0.024,0.333,0.008,0.024,1,6,250,2,0,21.22,2437.812423,6.496385668,"convex",20.37066764,11.10871538,"high",323.7876155,"NW",8,17.8218380376344,18.5227083333333,12.0748958333333,20.7385416666667,0.471652794705056,17.0306821236559,17.5211458333333,11.6914583333333,21.5045833333333,0.538190216739061,16.3911794354839,17.0880208333333,10.9979166666667,21.1144791666667,0.532611077119917,3.10843413978495,0,0,28.2041666666667,1.33430744454996,"2025-08-01"
"6","CR01","convex.rugged","psme",250,1,1,0.024,0.333,0.008,0.024,1,6,250,2,0,21.22,2437.812423,6.496385668,"convex",20.37066764,11.10871538,"high",323.7876155,"NW",9,13.549296875,13.9211458333333,11.9066666666667,15.2857291666667,0.376651396629001,14.0528472222222,13.2755208333333,12.6251041666667,16.6121875,0.431435493226004,13.9293142361111,13.3148958333333,12.3677083333333,16.1419791666667,0.392401987929956,12.8775173611111,11.9692708333333,5.790625,26.2947916666667,1.8171709433728,"2025-09-01"
"7","CR01","convex.rugged","psme",250,1,1,0.024,0.333,0.008,0.024,1,6,250,2,0,21.22,2437.812423,6.496385668,"convex",20.37066764,11.10871538,"high",323.7876155,"NW",6,18.3601934210526,18.6502083333333,16.4028421052632,19.6310416666667,0.621205845395615,18.1839953947368,19.1066666666667,15.6677894736842,19.3997916666667,0.701565256300483,17.0082070175439,17.7559375,14.8693684210526,18.03875,0.589770513030605,0,0,0,0,0,"2025-06-01"
"8","CR01","convex.rugged","psme",250,1,1,0.024,0.333,0.008,0.024,1,6,250,2,0,21.22,2437.812423,6.496385668,"convex",20.37066764,11.10871538,"high",323.7876155,"NW",7,18.7031955645161,18.7577083333333,14.8153125,21.3842708333333,0.306744946429348,18.3320228494624,18.8507291666667,14.3852083333333,21.5873958333333,0.38771477278245,17.4864650537634,18.1069791666667,13.9092708333333,20.1028125,0.355948121049468,1.20319220430108,0.00104166666666667,0,10.0802083333333,0.494459492666772,"2025-07-01"
"9","CR02","convex.rugged","pico",250,0,1,0.029,0,0,0.029,0.571,7,239,0,11,43.58,2329.692154,2.872052544,"convex",25.67852835,11.12948486,"high",261.5200827,"W",9,13.8491666666667,13.7533333333333,12.2653125,15.7036458333333,0.359949636650565,14.231953125,13.7272395833333,12.2539583333333,17.0322916666667,0.452462531512206,13.6418055555556,13.0421354166667,11.9926041666667,16.1777083333333,0.393875271164135,18.8886284722222,18.5338541666667,13.41875,27.2625,1.27430311797711,"2025-09-01"
"10","CR02","convex.rugged","pico",250,0,1,0.029,0,0,0.029,0.571,7,239,0,11,43.58,2329.692154,2.872052544,"convex",25.67852835,11.12948486,"high",261.5200827,"W",6,16.3529166666667,16.52875,14.9598958333333,17.5810416666667,0.527899513212834,17.2587916666667,18.1591666666667,14.998125,18.5508333333333,0.696120603750009,15.5100625,16.203125,13.5275,16.6414583333333,0.577994367373314,5.20145833333333,5.21770833333333,5.05833333333333,5.334375,0.0452862711444281,"2025-06-01"
"11","CR02","convex.rugged","pico",250,0,1,0.029,0,0,0.029,0.571,7,239,0,11,43.58,2329.692154,2.872052544,"convex",25.67852835,11.12948486,"high",261.5200827,"W",7,16.6210551075269,16.5966666666667,13.79875,19.1877083333333,0.263126774138877,17.3910248655914,17.7361458333333,13.5677083333333,20.8623958333333,0.385343023427158,16.1261928763441,16.4297916666667,13.0032291666667,19.0617708333333,0.320905597014621,6.95087365591398,6.471875,4.98541666666667,11.0072916666667,0.238032194788831,"2025-07-01"
"12","CR02","convex.rugged","pico",250,0,1,0.029,0,0,0.029,0.571,7,239,0,11,43.58,2329.692154,2.872052544,"convex",25.67852835,11.12948486,"high",261.5200827,"W",8,16.2797043010753,16.6952083333333,12.7271875,18.9332291666667,0.322190555036144,16.512439516129,16.614375,12.0392708333333,21.1564583333333,0.448570839911784,15.6057157258065,15.8515625,11.2552083333333,20.3320833333333,0.443485856879091,8.14650537634409,5.72916666666667,4.884375,26.6395833333333,1.14244975186283,"2025-08-01"
"13","CR02","convex.rugged","psme",250,NA,0,0,NA,0,0,NA,0,238,0,12,43.58,2329.692154,2.872052544,"convex",25.67852835,11.12948486,"high",261.5200827,"W",9,13.8491666666667,13.7533333333333,12.2653125,15.7036458333333,0.359949636650565,14.231953125,13.7272395833333,12.2539583333333,17.0322916666667,0.452462531512206,13.6418055555556,13.0421354166667,11.9926041666667,16.1777083333333,0.393875271164135,18.8886284722222,18.5338541666667,13.41875,27.2625,1.27430311797711,"2025-09-01"
"14","CR02","convex.rugged","psme",250,NA,0,0,NA,0,0,NA,0,238,0,12,43.58,2329.692154,2.872052544,"convex",25.67852835,11.12948486,"high",261.5200827,"W",6,16.3529166666667,16.52875,14.9598958333333,17.5810416666667,0.527899513212834,17.2587916666667,18.1591666666667,14.998125,18.5508333333333,0.696120603750009,15.5100625,16.203125,13.5275,16.6414583333333,0.577994367373314,5.20145833333333,5.21770833333333,5.05833333333333,5.334375,0.0452862711444281,"2025-06-01"
"15","CR02","convex.rugged","psme",250,NA,0,0,NA,0,0,NA,0,238,0,12,43.58,2329.692154,2.872052544,"convex",25.67852835,11.12948486,"high",261.5200827,"W",7,16.6210551075269,16.5966666666667,13.79875,19.1877083333333,0.263126774138877,17.3910248655914,17.7361458333333,13.5677083333333,20.8623958333333,0.385343023427158,16.1261928763441,16.4297916666667,13.0032291666667,19.0617708333333,0.320905597014621,6.95087365591398,6.471875,4.98541666666667,11.0072916666667,0.238032194788831,"2025-07-01"
"16","CR02","convex.rugged","psme",250,NA,0,0,NA,0,0,NA,0,238,0,12,43.58,2329.692154,2.872052544,"convex",25.67852835,11.12948486,"high",261.5200827,"W",8,16.2797043010753,16.6952083333333,12.7271875,18.9332291666667,0.322190555036144,16.512439516129,16.614375,12.0392708333333,21.1564583333333,0.448570839911784,15.6057157258065,15.8515625,11.2552083333333,20.3320833333333,0.443485856879091,8.14650537634409,5.72916666666667,4.884375,26.6395833333333,1.14244975186283,"2025-08-01"
"17","CR03","convex.rugged","pico",250,0,1,0.012,0,0,0.004,1,3,245,0,5,24.34,2308.659484,3.499287584,"convex",20.12353032,8.587282037,"high",252.7679256,"W",6,18.3804497807018,18.6058333333333,16.2458947368421,20.0555208333333,0.716299158530924,17.7450782894737,18.6314583333333,14.4975789473684,19.3348958333333,0.907245225950211,15.2259791666667,15.9075,12.73,16.4305208333333,0.690195310490635,3.97569956140351,4.04166666666667,3.83578947368421,4.06875,0.0469969231547245,"2025-06-01"
"18","CR03","convex.rugged","pico",250,0,1,0.012,0,0,0.004,1,3,245,0,5,24.34,2308.659484,3.499287584,"convex",20.12353032,8.587282037,"high",252.7679256,"W",7,18.8533232526882,18.9136458333333,14.9877083333333,22.1080208333333,0.337280042154681,18.2249126344086,18.314375,14.6316666666667,21.9096875,0.381492869008986,16.2037936827957,16.1447916666667,13.1008333333333,19.2523958333333,0.307224835496365,5.30584677419355,4.421875,3.05208333333333,10.003125,0.378843381018658,"2025-07-01"
"19","CR03","convex.rugged","pico",250,0,1,0.012,0,0,0.004,1,3,245,0,5,24.34,2308.659484,3.499287584,"convex",20.12353032,8.587282037,"high",252.7679256,"W",8,17.8069489247312,18.5089583333333,12.953125,20.8764583333333,0.446075717225332,17.066686827957,17.4220833333333,12.10875,20.9041666666667,0.480625387568421,15.4503494623656,15.9503125,11.2625,19.80375,0.437840695971947,6.3332997311828,3.88645833333333,1.43958333333333,29.7458333333333,1.42718914306015,"2025-08-01"
"20","CR03","convex.rugged","pico",250,0,1,0.012,0,0,0.004,1,3,245,0,5,24.34,2308.659484,3.499287584,"convex",20.12353032,8.587282037,"high",252.7679256,"W",9,14.7344704861111,14.8896875,12.5264583333333,17.0992708333333,0.454776660524275,14.4936197916667,14.0571354166667,13.0254166666667,16.983125,0.410932476694127,13.4734548611111,13.2081770833333,12.0592708333333,15.9117708333333,0.356979582729165,21.0025173611111,20.8265625,15.0604166666667,29.9875,1.32379149459064,"2025-09-01"
"21","CR03","convex.rugged","psme",250,NA,0,0,NA,0,0,NA,0,190,0,60,24.34,2308.659484,3.499287584,"convex",20.12353032,8.587282037,"high",252.7679256,"W",6,18.3804497807018,18.6058333333333,16.2458947368421,20.0555208333333,0.716299158530924,17.7450782894737,18.6314583333333,14.4975789473684,19.3348958333333,0.907245225950211,15.2259791666667,15.9075,12.73,16.4305208333333,0.690195310490635,3.97569956140351,4.04166666666667,3.83578947368421,4.06875,0.0469969231547245,"2025-06-01"
"22","CR03","convex.rugged","psme",250,NA,0,0,NA,0,0,NA,0,190,0,60,24.34,2308.659484,3.499287584,"convex",20.12353032,8.587282037,"high",252.7679256,"W",7,18.8533232526882,18.9136458333333,14.9877083333333,22.1080208333333,0.337280042154681,18.2249126344086,18.314375,14.6316666666667,21.9096875,0.381492869008986,16.2037936827957,16.1447916666667,13.1008333333333,19.2523958333333,0.307224835496365,5.30584677419355,4.421875,3.05208333333333,10.003125,0.378843381018658,"2025-07-01"
"23","CR03","convex.rugged","psme",250,NA,0,0,NA,0,0,NA,0,190,0,60,24.34,2308.659484,3.499287584,"convex",20.12353032,8.587282037,"high",252.7679256,"W",8,17.8069489247312,18.5089583333333,12.953125,20.8764583333333,0.446075717225332,17.066686827957,17.4220833333333,12.10875,20.9041666666667,0.480625387568421,15.4503494623656,15.9503125,11.2625,19.80375,0.437840695971947,6.3332997311828,3.88645833333333,1.43958333333333,29.7458333333333,1.42718914306015,"2025-08-01"
"24","CR03","convex.rugged","psme",250,NA,0,0,NA,0,0,NA,0,190,0,60,24.34,2308.659484,3.499287584,"convex",20.12353032,8.587282037,"high",252.7679256,"W",9,14.7344704861111,14.8896875,12.5264583333333,17.0992708333333,0.454776660524275,14.4936197916667,14.0571354166667,13.0254166666667,16.983125,0.410932476694127,13.4734548611111,13.2081770833333,12.0592708333333,15.9117708333333,0.356979582729165,21.0025173611111,20.8265625,15.0604166666667,29.9875,1.32379149459064,"2025-09-01"
"25","CR04","convex.gentle","pico",250,0,1,0.024,0,0,0.024,1,6,250,0,0,26.42,2381.601058,1.855689697,"convex",14.57385738,6.145331217,"low",295.7296987,"NW",7,18.9410551075269,18.9047916666667,15.4201041666667,22.07875,0.306160292006121,18.3116565860215,18.1434375,14.976875,21.874375,0.35916443153051,16.7209173387097,16.7470833333333,14.0658333333333,19.3135416666667,0.302872337488198,7.37056451612903,5.48333333333333,3.81145833333333,20.5395833333333,0.791345644990591,"2025-07-01"
"26","CR04","convex.gentle","pico",250,0,1,0.024,0,0,0.024,1,6,250,0,0,26.42,2381.601058,1.855689697,"convex",14.57385738,6.145331217,"low",295.7296987,"NW",8,17.8952755376344,18.7932291666667,13.1984375,20.6664583333333,0.434875548899931,16.5558501344086,17.1189583333333,11.6395833333333,20.8379166666667,0.47995801251706,15.5321673387097,16.4326041666667,11.213125,19.97375,0.467515674162634,7.20292338709677,3.14791666666667,2.40625,35.41875,1.71912300477553,"2025-08-01"
"27","CR04","convex.gentle","pico",250,0,1,0.024,0,0,0.024,1,6,250,0,0,26.42,2381.601058,1.855689697,"convex",14.57385738,6.145331217,"low",295.7296987,"NW",9,14.6446440972222,14.6851041666667,13.0041666666667,16.5578125,0.367986722317308,14.1622743055556,13.8288541666667,12.9576041666667,16.5797916666667,0.376545750801357,13.5988020833333,13.1327083333333,12.4460416666667,15.7151041666667,0.320099324568237,23.2467881944444,22.7291666666667,19.46875,30.2885416666667,0.890017601247742,"2025-09-01"
"28","CR04","convex.gentle","pico",250,0,1,0.024,0,0,0.024,1,6,250,0,0,26.42,2381.601058,1.855689697,"convex",14.57385738,6.145331217,"low",295.7296987,"NW",6,18.7690811403509,18.8851041666667,16.8089473684211,20.1483333333333,0.621943243884549,17.9642576754386,18.4805208333333,15.4836842105263,19.1554166666667,0.678872269678505,16.1920125,16.619375,14.126,17.1138541666667,0.548815147779552,4.69730263157895,4.590625,4.38125,5.40526315789474,0.181182449555766,"2025-06-01"
"29","CR04","convex.gentle","psme",250,0,1,0.008,0,0,0.008,1,2,250,0,0,26.42,2381.601058,1.855689697,"convex",14.57385738,6.145331217,"low",295.7296987,"NW",7,18.9410551075269,18.9047916666667,15.4201041666667,22.07875,0.306160292006121,18.3116565860215,18.1434375,14.976875,21.874375,0.35916443153051,16.7209173387097,16.7470833333333,14.0658333333333,19.3135416666667,0.302872337488198,7.37056451612903,5.48333333333333,3.81145833333333,20.5395833333333,0.791345644990591,"2025-07-01"
"30","CR04","convex.gentle","psme",250,0,1,0.008,0,0,0.008,1,2,250,0,0,26.42,2381.601058,1.855689697,"convex",14.57385738,6.145331217,"low",295.7296987,"NW",8,17.8952755376344,18.7932291666667,13.1984375,20.6664583333333,0.434875548899931,16.5558501344086,17.1189583333333,11.6395833333333,20.8379166666667,0.47995801251706,15.5321673387097,16.4326041666667,11.213125,19.97375,0.467515674162634,7.20292338709677,3.14791666666667,2.40625,35.41875,1.71912300477553,"2025-08-01"
"31","CR04","convex.gentle","psme",250,0,1,0.008,0,0,0.008,1,2,250,0,0,26.42,2381.601058,1.855689697,"convex",14.57385738,6.145331217,"low",295.7296987,"NW",9,14.6446440972222,14.6851041666667,13.0041666666667,16.5578125,0.367986722317308,14.1622743055556,13.8288541666667,12.9576041666667,16.5797916666667,0.376545750801357,13.5988020833333,13.1327083333333,12.4460416666667,15.7151041666667,0.320099324568237,23.2467881944444,22.7291666666667,19.46875,30.2885416666667,0.890017601247742,"2025-09-01"
"32","CR04","convex.gentle","psme",250,0,1,0.008,0,0,0.008,1,2,250,0,0,26.42,2381.601058,1.855689697,"convex",14.57385738,6.145331217,"low",295.7296987,"NW",6,18.7690811403509,18.8851041666667,16.8089473684211,20.1483333333333,0.621943243884549,17.9642576754386,18.4805208333333,15.4836842105263,19.1554166666667,0.678872269678505,16.1920125,16.619375,14.126,17.1138541666667,0.548815147779552,4.69730263157895,4.590625,4.38125,5.40526315789474,0.181182449555766,"2025-06-01"
"33","CR05","convex.gentle","pico",250,1,1,0.078,0.211,0.016,0.078,0.947,19,244,4,6,62.3,2300.160556,3.053227132,"convex",11.42007617,5.675108303,"low",318.6631805,"NW",8,16.0439448924731,16.354375,12.5426041666667,18.1892708333333,0.344553343827063,16.2167170698925,17.1304166666667,11.5384375,20.4076041666667,0.442951620371594,15.4721135752688,15.9145833333333,11.191875,19.7857291666667,0.43646650684475,8.03323252688172,4.390625,3.69375,36.3010416666667,1.67709982081521,"2025-08-01"
"34","CR05","convex.gentle","pico",250,1,1,0.078,0.211,0.016,0.078,0.947,19,244,4,6,62.3,2300.160556,3.053227132,"convex",11.42007617,5.675108303,"low",318.6631805,"NW",7,16.5372748655914,16.7572916666667,13.9830208333333,18.9852083333333,0.263252964525539,16.9536290322581,16.8620833333333,13.3595833333333,20.2180208333333,0.33340439581539,16.2199764784946,16.1939583333333,13.1505208333333,19.7953125,0.304760903976504,11.3758064516129,8.55104166666667,5.096875,25.5635416666667,1.12279478909406,"2025-07-01"
"35","CR05","convex.gentle","pico",250,1,1,0.078,0.211,0.016,0.078,0.947,19,244,4,6,62.3,2300.160556,3.053227132,"convex",11.42007617,5.675108303,"low",318.6631805,"NW",9,13.2162152777778,13.2323958333333,11.8653125,14.9380208333333,0.306153296477702,13.7193142361111,13.3755208333333,12.2414583333333,15.8126041666667,0.344366442616605,13.3976041666667,13.1058854166667,12.0694791666667,15.4492708333333,0.319867551218051,24.8907118055556,24.4114583333333,20.2989583333333,33.009375,1.08942714953212,"2025-09-01"
"36","CR05","convex.gentle","pico",250,1,1,0.078,0.211,0.016,0.078,0.947,19,244,4,6,62.3,2300.160556,3.053227132,"convex",11.42007617,5.675108303,"low",318.6631805,"NW",6,15.9093565789474,16.2136458333333,14.4211578947368,16.9613541666667,0.480395430996033,16.3335975877193,17.0528125,14.1268421052632,17.1927083333333,0.585226848223759,15.3463311403509,15.934375,13.3289473684211,16.1280208333333,0.531230663470558,8.89375,8.92291666666667,8.68541666666667,9.1,0.0708386946500442,"2025-06-01"
"37","CR05","convex.gentle","psme",250,0,1,0.016,0,0,0.016,1,4,250,0,0,62.3,2300.160556,3.053227132,"convex",11.42007617,5.675108303,"low",318.6631805,"NW",8,16.0439448924731,16.354375,12.5426041666667,18.1892708333333,0.344553343827063,16.2167170698925,17.1304166666667,11.5384375,20.4076041666667,0.442951620371594,15.4721135752688,15.9145833333333,11.191875,19.7857291666667,0.43646650684475,8.03323252688172,4.390625,3.69375,36.3010416666667,1.67709982081521,"2025-08-01"
"38","CR05","convex.gentle","psme",250,0,1,0.016,0,0,0.016,1,4,250,0,0,62.3,2300.160556,3.053227132,"convex",11.42007617,5.675108303,"low",318.6631805,"NW",7,16.5372748655914,16.7572916666667,13.9830208333333,18.9852083333333,0.263252964525539,16.9536290322581,16.8620833333333,13.3595833333333,20.2180208333333,0.33340439581539,16.2199764784946,16.1939583333333,13.1505208333333,19.7953125,0.304760903976504,11.3758064516129,8.55104166666667,5.096875,25.5635416666667,1.12279478909406,"2025-07-01"
"39","CR05","convex.gentle","psme",250,0,1,0.016,0,0,0.016,1,4,250,0,0,62.3,2300.160556,3.053227132,"convex",11.42007617,5.675108303,"low",318.6631805,"NW",9,13.2162152777778,13.2323958333333,11.8653125,14.9380208333333,0.306153296477702,13.7193142361111,13.3755208333333,12.2414583333333,15.8126041666667,0.344366442616605,13.3976041666667,13.1058854166667,12.0694791666667,15.4492708333333,0.319867551218051,24.8907118055556,24.4114583333333,20.2989583333333,33.009375,1.08942714953212,"2025-09-01"
"40","CR05","convex.gentle","psme",250,0,1,0.016,0,0,0.016,1,4,250,0,0,62.3,2300.160556,3.053227132,"convex",11.42007617,5.675108303,"low",318.6631805,"NW",6,15.9093565789474,16.2136458333333,14.4211578947368,16.9613541666667,0.480395430996033,16.3335975877193,17.0528125,14.1268421052632,17.1927083333333,0.585226848223759,15.3463311403509,15.934375,13.3289473684211,16.1280208333333,0.531230663470558,8.89375,8.92291666666667,8.68541666666667,9.1,0.0708386946500442,"2025-06-01"
"41","CR06","convex.gentle","pico",250,1,1,0.32,0.325,0.104,0.304,0.829,80,250,26,0,20.96,2267.46088,2.023981425,"convex",9.553917117,4.345108609,"low",218.1173309,"SW",6,16.7965179824561,17.2814583333333,14.7886315789474,18.0402083333333,0.613379808801222,16.7599528508772,17.6333333333333,13.9773684210526,17.7895833333333,0.729568997827049,14.7702657894737,15.5779166666667,12.3875789473684,15.700625,0.629398775344673,3.12775877192982,3.21875,2.62421052631579,3.31770833333333,0.128954606393338,"2025-06-01"
"42","CR06","convex.gentle","pico",250,1,1,0.32,0.325,0.104,0.304,0.829,80,250,26,0,20.96,2267.46088,2.023981425,"convex",9.553917117,4.345108609,"low",218.1173309,"SW",9,14.6733420138889,14.63546875,13.4135416666667,16.1459375,0.280374537790244,14.3015625,14.090625,12.6996875,16.9009375,0.380404038681854,13.3230902777778,13.32078125,11.5873958333333,15.760625,0.333254896847308,17.8105902777778,18.234375,13.6427083333333,21.8270833333333,0.767124198210873,"2025-09-01"
"43","CR06","convex.gentle","pico",250,1,1,0.32,0.325,0.104,0.304,0.829,80,250,26,0,20.96,2267.46088,2.023981425,"convex",9.553917117,4.345108609,"low",218.1173309,"SW",7,17.4807123655914,17.5492708333333,14.8042708333333,19.898125,0.244121376883257,17.0517103494624,17.0272916666667,13.7275,19.8991666666667,0.325394446173127,15.5598353494624,15.3653125,13.0369791666667,18.7276041666667,0.270506221276836,5.06055107526882,2.87708333333333,0.578125,16.7947916666667,0.898083349232198,"2025-07-01"
"44","CR06","convex.gentle","pico",250,1,1,0.32,0.325,0.104,0.304,0.829,80,250,26,0,20.96,2267.46088,2.023981425,"convex",9.553917117,4.345108609,"low",218.1173309,"SW",8,17.2538004032258,17.685,13.67,19.6651041666667,0.338061488036496,16.3345698924731,16.8315625,11.4941666666667,20.0483333333333,0.438062724801103,14.9604032258065,15.3351041666667,10.054375,18.8145833333333,0.415984707648057,4.234375,0.665625,0.125,28.7875,1.5291338347852,"2025-08-01"
"45","CR06","convex.gentle","psme",250,1,1,0.324,0.235,0.076,0.316,0.772,81,250,19,0,20.96,2267.46088,2.023981425,"convex",9.553917117,4.345108609,"low",218.1173309,"SW",6,16.7965179824561,17.2814583333333,14.7886315789474,18.0402083333333,0.613379808801222,16.7599528508772,17.6333333333333,13.9773684210526,17.7895833333333,0.729568997827049,14.7702657894737,15.5779166666667,12.3875789473684,15.700625,0.629398775344673,3.12775877192982,3.21875,2.62421052631579,3.31770833333333,0.128954606393338,"2025-06-01"
"46","CR06","convex.gentle","psme",250,1,1,0.324,0.235,0.076,0.316,0.772,81,250,19,0,20.96,2267.46088,2.023981425,"convex",9.553917117,4.345108609,"low",218.1173309,"SW",9,14.6733420138889,14.63546875,13.4135416666667,16.1459375,0.280374537790244,14.3015625,14.090625,12.6996875,16.9009375,0.380404038681854,13.3230902777778,13.32078125,11.5873958333333,15.760625,0.333254896847308,17.8105902777778,18.234375,13.6427083333333,21.8270833333333,0.767124198210873,"2025-09-01"
"47","CR06","convex.gentle","psme",250,1,1,0.324,0.235,0.076,0.316,0.772,81,250,19,0,20.96,2267.46088,2.023981425,"convex",9.553917117,4.345108609,"low",218.1173309,"SW",7,17.4807123655914,17.5492708333333,14.8042708333333,19.898125,0.244121376883257,17.0517103494624,17.0272916666667,13.7275,19.8991666666667,0.325394446173127,15.5598353494624,15.3653125,13.0369791666667,18.7276041666667,0.270506221276836,5.06055107526882,2.87708333333333,0.578125,16.7947916666667,0.898083349232198,"2025-07-01"
"48","CR06","convex.gentle","psme",250,1,1,0.324,0.235,0.076,0.316,0.772,81,250,19,0,20.96,2267.46088,2.023981425,"convex",9.553917117,4.345108609,"low",218.1173309,"SW",8,17.2538004032258,17.685,13.67,19.6651041666667,0.338061488036496,16.3345698924731,16.8315625,11.4941666666667,20.0483333333333,0.438062724801103,14.9604032258065,15.3351041666667,10.054375,18.8145833333333,0.415984707648057,4.234375,0.665625,0.125,28.7875,1.5291338347852,"2025-08-01"
"49","CR07","concave.rugged","pico",250,1,1,0.223,0.491,0.109,0.208,0.865,55,247,27,3,24.86,2323.891793,-3.085792169,"concave",24.70558576,11.3737007,"high",43.82147943,"NE",9,12.8152430555556,12.6205729166667,11.9010416666667,13.6666666666667,0.190337369647519,13.8069791666667,13.5234895833333,12.4528125,15.2579166666667,0.249573104915639,12.9494010416667,12.7934895833333,11.8616666666667,14.4044791666667,0.245489712044685,15.40546875,15.2182291666667,12.8989583333333,19.140625,0.521605316847599,"2025-09-01"
"50","CR07","concave.rugged","pico",250,1,1,0.223,0.491,0.109,0.208,0.865,55,247,27,3,24.86,2323.891793,-3.085792169,"concave",24.70558576,11.3737007,"high",43.82147943,"NE",8,16.3874092741935,17.2902083333333,11.7408333333333,19.1392708333333,0.394063130169115,16.8363709677419,18.2038541666667,11.0051041666667,20.7561458333333,0.533856620243002,15.3031081989247,16.4120833333333,9.56510416666667,19.2473958333333,0.488484188516831,2.87311827956989,0,0,24.9947916666667,1.30019764479703,"2025-08-01"
"51","CR07","concave.rugged","pico",250,1,1,0.223,0.491,0.109,0.208,0.865,55,247,27,3,24.86,2323.891793,-3.085792169,"concave",24.70558576,11.3737007,"high",43.82147943,"NE",6,17.3209315789474,17.7379166666667,15.7371578947368,18.0644791666667,0.434102317699587,18.3033434210526,18.7489583333333,15.9848421052632,19.2161458333333,0.590051755115733,16.2413793859649,16.5864583333333,14.5221052631579,16.9051041666667,0.435210834820556,0.111885964912281,0.110416666666667,0.00526315789473684,0.190625,0.0331066701682589,"2025-06-01"
"52","CR07","concave.rugged","pico",250,1,1,0.223,0.491,0.109,0.208,0.865,55,247,27,3,24.86,2323.891793,-3.085792169,"concave",24.70558576,11.3737007,"high",43.82147943,"NE",7,17.5477587365591,17.7290625,14.3963541666667,19.6347916666667,0.243885995240723,18.3487634408602,18.5902083333333,14.206875,21.6760416666667,0.354693443755887,16.5720295698925,16.5595833333333,13.3825,20.0189583333333,0.300333124923123,1.7664314516129,1.07708333333333,0,6.375,0.323098333501376,"2025-07-01"
"53","CR07","concave.rugged","psme",250,1,1,0.133,0.281,0.038,0.124,0.968,32,240,9,10,24.86,2323.891793,-3.085792169,"concave",24.70558576,11.3737007,"high",43.82147943,"NE",9,12.8152430555556,12.6205729166667,11.9010416666667,13.6666666666667,0.190337369647519,13.8069791666667,13.5234895833333,12.4528125,15.2579166666667,0.249573104915639,12.9494010416667,12.7934895833333,11.8616666666667,14.4044791666667,0.245489712044685,15.40546875,15.2182291666667,12.8989583333333,19.140625,0.521605316847599,"2025-09-01"
"54","CR07","concave.rugged","psme",250,1,1,0.133,0.281,0.038,0.124,0.968,32,240,9,10,24.86,2323.891793,-3.085792169,"concave",24.70558576,11.3737007,"high",43.82147943,"NE",8,16.3874092741935,17.2902083333333,11.7408333333333,19.1392708333333,0.394063130169115,16.8363709677419,18.2038541666667,11.0051041666667,20.7561458333333,0.533856620243002,15.3031081989247,16.4120833333333,9.56510416666667,19.2473958333333,0.488484188516831,2.87311827956989,0,0,24.9947916666667,1.30019764479703,"2025-08-01"
"55","CR07","concave.rugged","psme",250,1,1,0.133,0.281,0.038,0.124,0.968,32,240,9,10,24.86,2323.891793,-3.085792169,"concave",24.70558576,11.3737007,"high",43.82147943,"NE",6,17.3209315789474,17.7379166666667,15.7371578947368,18.0644791666667,0.434102317699587,18.3033434210526,18.7489583333333,15.9848421052632,19.2161458333333,0.590051755115733,16.2413793859649,16.5864583333333,14.5221052631579,16.9051041666667,0.435210834820556,0.111885964912281,0.110416666666667,0.00526315789473684,0.190625,0.0331066701682589,"2025-06-01"
"56","CR07","concave.rugged","psme",250,1,1,0.133,0.281,0.038,0.124,0.968,32,240,9,10,24.86,2323.891793,-3.085792169,"concave",24.70558576,11.3737007,"high",43.82147943,"NE",7,17.5477587365591,17.7290625,14.3963541666667,19.6347916666667,0.243885995240723,18.3487634408602,18.5902083333333,14.206875,21.6760416666667,0.354693443755887,16.5720295698925,16.5595833333333,13.3825,20.0189583333333,0.300333124923123,1.7664314516129,1.07708333333333,0,6.375,0.323098333501376,"2025-07-01"
"57","CR08","concave.rugged","pico",250,0,1,0.061,0,0,0.042,0.889,9,148,0,102,38.12,2304.43609,-4.881052043,"concave",30.54764904,14.21430678,"high",256.741305,"W",6,17.3418456140351,17.9314583333333,15.0158947368421,18.7502083333333,0.724592287648492,16.5462166666667,17.6376041666667,13.554,17.8704166666667,0.821451162382049,15.2495019736842,16.0467708333333,12.8109473684211,16.3376041666667,0.66835715891912,0.00145833333333333,0,0,0.00729166666666667,0.00145833333333333,"2025-06-01"
"58","CR08","concave.rugged","pico",250,0,1,0.061,0,0,0.042,0.889,9,148,0,102,38.12,2304.43609,-4.881052043,"concave",30.54764904,14.21430678,"high",256.741305,"W",7,17.3001967592593,17.0609375,14.2004166666667,20.3658333333333,0.335601533459347,17.0507330246914,16.845625,13.974375,20.3211458333333,0.390591443971875,15.9885223765432,16.0259375,13.4185416666667,19.15375,0.32629495739875,0.497530864197531,0,0,4.21770833333333,0.213648652265335,"2025-07-01"
"59","CR08","concave.rugged","psme",250,NA,0,0,NA,0,0,NA,0,97,0,153,38.12,2304.43609,-4.881052043,"concave",30.54764904,14.21430678,"high",256.741305,"W",6,17.3418456140351,17.9314583333333,15.0158947368421,18.7502083333333,0.724592287648492,16.5462166666667,17.6376041666667,13.554,17.8704166666667,0.821451162382049,15.2495019736842,16.0467708333333,12.8109473684211,16.3376041666667,0.66835715891912,0.00145833333333333,0,0,0.00729166666666667,0.00145833333333333,"2025-06-01"
"60","CR08","concave.rugged","psme",250,NA,0,0,NA,0,0,NA,0,97,0,153,38.12,2304.43609,-4.881052043,"concave",30.54764904,14.21430678,"high",256.741305,"W",7,17.3001967592593,17.0609375,14.2004166666667,20.3658333333333,0.335601533459347,17.0507330246914,16.845625,13.974375,20.3211458333333,0.390591443971875,15.9885223765432,16.0259375,13.4185416666667,19.15375,0.32629495739875,0.497530864197531,0,0,4.21770833333333,0.213648652265335,"2025-07-01"
"61","CR09","concave.rugged","pico",250,1,1,0.102,0.087,0.009,0.098,0.5,23,225,2,25,26.94,2301.031624,-2.298519762,"concave",26.41773623,11.14435954,"high",236.3520098,"SW",9,17.9287673611111,17.93453125,15.2875,20.8795833333333,0.574181250827451,16.8849826388889,16.01421875,14.7710416666667,20.0104166666667,0.528791760012017,15.074296875,14.5664583333333,13.3765625,17.7259375,0.435970307649766,12.7608506944444,12.7244791666667,6.99791666666667,22.1552083333333,1.27217767151253,"2025-09-01"
"62","CR09","concave.rugged","pico",250,1,1,0.102,0.087,0.009,0.098,0.5,23,225,2,25,26.94,2301.031624,-2.298519762,"concave",26.41773623,11.14435954,"high",236.3520098,"SW",8,20.0994724462366,21.1315625,14.1501041666667,23.6666666666667,0.532201616858121,18.4171942204301,18.8161458333333,12.2992708333333,23.074375,0.53591559499803,16.6732728494624,17.2713541666667,11.5504166666667,21.2146875,0.483922284168095,4.49566532258065,1.49270833333333,0.711458333333333,26.1010416666667,1.24552030336402,"2025-08-01"
"63","CR09","concave.rugged","pico",250,1,1,0.102,0.087,0.009,0.098,0.5,23,225,2,25,26.94,2301.031624,-2.298519762,"concave",26.41773623,11.14435954,"high",236.3520098,"SW",6,20.5800530701754,20.7629166666667,18.1754736842105,22.3690625,0.782523636163664,19.1653030701754,19.9094791666667,16.0754736842105,20.6469791666667,0.858933617105293,16.6204309210526,17.320625,14.0568421052632,17.7602083333333,0.695984863804182,1.56822149122807,1.70208333333333,1.04631578947368,1.84166666666667,0.143748285933951,"2025-06-01"
"64","CR09","concave.rugged","pico",250,1,1,0.102,0.087,0.009,0.098,0.5,23,225,2,25,26.94,2301.031624,-2.298519762,"concave",26.41773623,11.14435954,"high",236.3520098,"SW",7,20.4744220430108,20.7222916666667,16.0110416666667,24.328125,0.390031527542097,19.3755510752688,19.4430208333333,15.4666666666667,23.278125,0.418392486456561,17.3092204301075,17.2792708333333,14.3320833333333,20.1044791666667,0.332338792671477,4.56260080645161,3.42916666666667,1.7125,15.059375,0.573346603413903,"2025-07-01"
"65","CR09","concave.rugged","psme",250,0,1,0.032,0,0,0.032,0.571,7,218,0,32,26.94,2301.031624,-2.298519762,"concave",26.41773623,11.14435954,"high",236.3520098,"SW",9,17.9287673611111,17.93453125,15.2875,20.8795833333333,0.574181250827451,16.8849826388889,16.01421875,14.7710416666667,20.0104166666667,0.528791760012017,15.074296875,14.5664583333333,13.3765625,17.7259375,0.435970307649766,12.7608506944444,12.7244791666667,6.99791666666667,22.1552083333333,1.27217767151253,"2025-09-01"
"66","CR09","concave.rugged","psme",250,0,1,0.032,0,0,0.032,0.571,7,218,0,32,26.94,2301.031624,-2.298519762,"concave",26.41773623,11.14435954,"high",236.3520098,"SW",8,20.0994724462366,21.1315625,14.1501041666667,23.6666666666667,0.532201616858121,18.4171942204301,18.8161458333333,12.2992708333333,23.074375,0.53591559499803,16.6732728494624,17.2713541666667,11.5504166666667,21.2146875,0.483922284168095,4.49566532258065,1.49270833333333,0.711458333333333,26.1010416666667,1.24552030336402,"2025-08-01"
"67","CR09","concave.rugged","psme",250,0,1,0.032,0,0,0.032,0.571,7,218,0,32,26.94,2301.031624,-2.298519762,"concave",26.41773623,11.14435954,"high",236.3520098,"SW",6,20.5800530701754,20.7629166666667,18.1754736842105,22.3690625,0.782523636163664,19.1653030701754,19.9094791666667,16.0754736842105,20.6469791666667,0.858933617105293,16.6204309210526,17.320625,14.0568421052632,17.7602083333333,0.695984863804182,1.56822149122807,1.70208333333333,1.04631578947368,1.84166666666667,0.143748285933951,"2025-06-01"
"68","CR09","concave.rugged","psme",250,0,1,0.032,0,0,0.032,0.571,7,218,0,32,26.94,2301.031624,-2.298519762,"concave",26.41773623,11.14435954,"high",236.3520098,"SW",7,20.4744220430108,20.7222916666667,16.0110416666667,24.328125,0.390031527542097,19.3755510752688,19.4430208333333,15.4666666666667,23.278125,0.418392486456561,17.3092204301075,17.2792708333333,14.3320833333333,20.1044791666667,0.332338792671477,4.56260080645161,3.42916666666667,1.7125,15.059375,0.573346603413903,"2025-07-01"
"69","CR10","concave.gentle","pico",250,1,1,0.268,0.642,0.172,0.264,0.924,67,250,43,0,40.46,2291.218746,-1.13975491,"concave",7.469630928,3.324239502,"low",319.9211703,"NW",6,16.43595,16.8247916666667,14.646,17.6611458333333,0.584469953612114,16.1260975877193,16.8798958333333,13.6068421052632,17.2230208333333,0.677116205838231,14.8155756578947,15.5061458333333,12.4263157894737,15.8445833333333,0.632221074776976,2.26643421052632,2.28842105263158,2.09375,2.359375,0.046314883431836,"2025-06-01"
"70","CR10","concave.gentle","pico",250,1,1,0.268,0.642,0.172,0.264,0.924,67,250,43,0,40.46,2291.218746,-1.13975491,"concave",7.469630928,3.324239502,"low",319.9211703,"NW",7,16.6029301075269,16.5535416666667,14.288125,18.9741666666667,0.239812894722139,16.4158635752688,16.2042708333333,14.0279166666667,19.1909375,0.289749307757889,15.3178494623656,15.2028125,13.0775,18.1241666666667,0.262361078108502,8.38951612903226,7.57604166666667,1.9,19.8927083333333,0.692265018585785,"2025-07-01"
"71","CR10","concave.gentle","pico",250,1,1,0.268,0.642,0.172,0.264,0.924,67,250,43,0,40.46,2291.218746,-1.13975491,"concave",7.469630928,3.324239502,"low",319.9211703,"NW",8,15.1663071236559,15.5580208333333,11.7695833333333,17.3420833333333,0.297236852229556,14.9543951612903,15.4717708333333,10.7653125,18.42625,0.400237904944222,14.1768380376344,14.8196875,9.4815625,17.6908333333333,0.40439821186871,7.63279569892473,5.23020833333333,4.33229166666667,26.665625,1.01072585483791,"2025-08-01"
"72","CR10","concave.gentle","pico",250,1,1,0.268,0.642,0.172,0.264,0.924,67,250,43,0,40.46,2291.218746,-1.13975491,"concave",7.469630928,3.324239502,"low",319.9211703,"NW",9,12.4632725694444,12.3121354166667,11.6428125,13.4516666666667,0.177864719189618,12.8637673611111,12.7865104166667,11.4903125,14.6739583333333,0.256563282038056,12.3735329861111,12.1480208333333,10.9479166666667,14.270625,0.259582281815575,14.9261284722222,14.5041666666667,12.6614583333333,18.815625,0.535044189146754,"2025-09-01"
"73","CR10","concave.gentle","psme",250,1,1,0.188,0.234,0.044,0.18,0.756,47,250,11,0,40.46,2291.218746,-1.13975491,"concave",7.469630928,3.324239502,"low",319.9211703,"NW",6,16.43595,16.8247916666667,14.646,17.6611458333333,0.584469953612114,16.1260975877193,16.8798958333333,13.6068421052632,17.2230208333333,0.677116205838231,14.8155756578947,15.5061458333333,12.4263157894737,15.8445833333333,0.632221074776976,2.26643421052632,2.28842105263158,2.09375,2.359375,0.046314883431836,"2025-06-01"
"74","CR10","concave.gentle","psme",250,1,1,0.188,0.234,0.044,0.18,0.756,47,250,11,0,40.46,2291.218746,-1.13975491,"concave",7.469630928,3.324239502,"low",319.9211703,"NW",7,16.6029301075269,16.5535416666667,14.288125,18.9741666666667,0.239812894722139,16.4158635752688,16.2042708333333,14.0279166666667,19.1909375,0.289749307757889,15.3178494623656,15.2028125,13.0775,18.1241666666667,0.262361078108502,8.38951612903226,7.57604166666667,1.9,19.8927083333333,0.692265018585785,"2025-07-01"
"75","CR10","concave.gentle","psme",250,1,1,0.188,0.234,0.044,0.18,0.756,47,250,11,0,40.46,2291.218746,-1.13975491,"concave",7.469630928,3.324239502,"low",319.9211703,"NW",8,15.1663071236559,15.5580208333333,11.7695833333333,17.3420833333333,0.297236852229556,14.9543951612903,15.4717708333333,10.7653125,18.42625,0.400237904944222,14.1768380376344,14.8196875,9.4815625,17.6908333333333,0.40439821186871,7.63279569892473,5.23020833333333,4.33229166666667,26.665625,1.01072585483791,"2025-08-01"
"76","CR10","concave.gentle","psme",250,1,1,0.188,0.234,0.044,0.18,0.756,47,250,11,0,40.46,2291.218746,-1.13975491,"concave",7.469630928,3.324239502,"low",319.9211703,"NW",9,12.4632725694444,12.3121354166667,11.6428125,13.4516666666667,0.177864719189618,12.8637673611111,12.7865104166667,11.4903125,14.6739583333333,0.256563282038056,12.3735329861111,12.1480208333333,10.9479166666667,14.270625,0.259582281815575,14.9261284722222,14.5041666666667,12.6614583333333,18.815625,0.535044189146754,"2025-09-01"
"77","CR11","concave.gentle","pico",250,0,1,0.128,0,0,0.124,0.226,32,250,0,0,11.6,2296.530443,-3.232536723,"concave",8.715095104,4.441708408,"low",262.0325061,"W",7,20.0534442204301,19.9972916666667,16.2783333333333,23.4255208333333,0.351879671972189,18.7799865591398,18.5207291666667,14.3413541666667,22.1434375,0.386881445266485,16.5486794354839,16.5586458333333,13.22625,19.8290625,0.312125926288904,3.97442876344086,3.71458333333333,2.19895833333333,7.14375,0.218448807189991,"2025-07-01"
"78","CR11","concave.gentle","pico",250,0,1,0.128,0,0,0.124,0.226,32,250,0,0,11.6,2296.530443,-3.232536723,"concave",8.715095104,4.441708408,"low",262.0325061,"W",6,20.0925449561404,20.27125,18.4515789473684,21.435625,0.54562143949995,18.9564302631579,19.2913541666667,16.7065263157895,20.0823958333333,0.611037015187609,15.8108063596491,16.2765625,13.6870526315789,16.9066666666667,0.575029993811745,2.86046929824561,3.07083333333333,1.92526315789474,3.36666666666667,0.266183881488409,"2025-06-01"
"79","CR11","concave.gentle","pico",250,0,1,0.128,0,0,0.124,0.226,32,250,0,0,11.6,2296.530443,-3.232536723,"concave",8.715095104,4.441708408,"low",262.0325061,"W",8,18.8037130376344,19.379375,13.7479166666667,21.9570833333333,0.471185361799459,16.987688172043,17.3783333333333,11.8086458333333,21.2605208333333,0.451941884357929,15.4310315860215,16.0032291666667,11.1969791666667,19.2966666666667,0.429285509673229,5.38289650537634,1.659375,0.661458333333333,35.9270833333333,1.82681075164923,"2025-08-01"
"80","CR11","concave.gentle","pico",250,0,1,0.128,0,0,0.124,0.226,32,250,0,0,11.6,2296.530443,-3.232536723,"concave",8.715095104,4.441708408,"low",262.0325061,"W",9,14.8104861111111,15.1565625,13.2816666666667,16.3392708333333,0.283163474659131,14.2413802083333,14.0836979166667,12.79,15.9875,0.317280401414705,13.2987326388889,13.0390104166667,11.9176041666667,14.9230208333333,0.270862516891553,24.2219618055556,24.1104166666667,21.8239583333333,27.3875,0.500885166775926,"2025-09-01"
"81","CR11","concave.gentle","psme",250,0,1,0.048,0,0,0.048,0.667,12,250,0,0,11.6,2296.530443,-3.232536723,"concave",8.715095104,4.441708408,"low",262.0325061,"W",7,20.0534442204301,19.9972916666667,16.2783333333333,23.4255208333333,0.351879671972189,18.7799865591398,18.5207291666667,14.3413541666667,22.1434375,0.386881445266485,16.5486794354839,16.5586458333333,13.22625,19.8290625,0.312125926288904,3.97442876344086,3.71458333333333,2.19895833333333,7.14375,0.218448807189991,"2025-07-01"
"82","CR11","concave.gentle","psme",250,0,1,0.048,0,0,0.048,0.667,12,250,0,0,11.6,2296.530443,-3.232536723,"concave",8.715095104,4.441708408,"low",262.0325061,"W",6,20.0925449561404,20.27125,18.4515789473684,21.435625,0.54562143949995,18.9564302631579,19.2913541666667,16.7065263157895,20.0823958333333,0.611037015187609,15.8108063596491,16.2765625,13.6870526315789,16.9066666666667,0.575029993811745,2.86046929824561,3.07083333333333,1.92526315789474,3.36666666666667,0.266183881488409,"2025-06-01"
"83","CR11","concave.gentle","psme",250,0,1,0.048,0,0,0.048,0.667,12,250,0,0,11.6,2296.530443,-3.232536723,"concave",8.715095104,4.441708408,"low",262.0325061,"W",8,18.8037130376344,19.379375,13.7479166666667,21.9570833333333,0.471185361799459,16.987688172043,17.3783333333333,11.8086458333333,21.2605208333333,0.451941884357929,15.4310315860215,16.0032291666667,11.1969791666667,19.2966666666667,0.429285509673229,5.38289650537634,1.659375,0.661458333333333,35.9270833333333,1.82681075164923,"2025-08-01"
"84","CR11","concave.gentle","psme",250,0,1,0.048,0,0,0.048,0.667,12,250,0,0,11.6,2296.530443,-3.232536723,"concave",8.715095104,4.441708408,"low",262.0325061,"W",9,14.8104861111111,15.1565625,13.2816666666667,16.3392708333333,0.283163474659131,14.2413802083333,14.0836979166667,12.79,15.9875,0.317280401414705,13.2987326388889,13.0390104166667,11.9176041666667,14.9230208333333,0.270862516891553,24.2219618055556,24.1104166666667,21.8239583333333,27.3875,0.500885166775926,"2025-09-01"
"85","CR12","concave.gentle","pico",250,1,1,0.303,0.284,0.086,0.296,0.865,74,244,21,6,18.88,2449.109532,-2.135958828,"concave",10.44058353,5.190922004,"low",274.5211319,"W",6,17.6932475877193,17.8541666666667,15.8888421052632,19.005,0.590733153617026,19.1174179824561,19.7453125,16.5806315789474,20.3452083333333,0.681591246165747,16.7136550438596,17.2077083333333,14.6344210526316,17.6108333333333,0.549286456348065,2.71532456140351,2.81979166666667,2.15578947368421,3.00520833333333,0.158641695437422,"2025-06-01"
"86","CR12","concave.gentle","pico",250,1,1,0.303,0.284,0.086,0.296,0.865,74,244,21,6,18.88,2449.109532,-2.135958828,"concave",10.44058353,5.190922004,"low",274.5211319,"W",7,16.9932060185185,16.7655208333333,14.5225,19.531875,0.563325056615825,17.7907986111111,17.4885416666667,14.859375,21.7851041666667,0.866506922071197,16.1524074074074,15.3982291666667,13.6597916666667,19.674375,0.739522949340429,9.61284722222222,10.0729166666667,2.92395833333333,17.553125,1.60012325235997,"2025-07-01"
"87","CR12","concave.gentle","psme",250,1,1,0.024,0.167,0.004,0.024,0.667,6,250,1,0,18.88,2449.109532,-2.135958828,"concave",10.44058353,5.190922004,"low",274.5211319,"W",6,17.6932475877193,17.8541666666667,15.8888421052632,19.005,0.590733153617026,19.1174179824561,19.7453125,16.5806315789474,20.3452083333333,0.681591246165747,16.7136550438596,17.2077083333333,14.6344210526316,17.6108333333333,0.549286456348065,2.71532456140351,2.81979166666667,2.15578947368421,3.00520833333333,0.158641695437422,"2025-06-01"
"88","CR12","concave.gentle","psme",250,1,1,0.024,0.167,0.004,0.024,0.667,6,250,1,0,18.88,2449.109532,-2.135958828,"concave",10.44058353,5.190922004,"low",274.5211319,"W",7,16.9932060185185,16.7655208333333,14.5225,19.531875,0.563325056615825,17.7907986111111,17.4885416666667,14.859375,21.7851041666667,0.866506922071197,16.1524074074074,15.3982291666667,13.6597916666667,19.674375,0.739522949340429,9.61284722222222,10.0729166666667,2.92395833333333,17.553125,1.60012325235997,"2025-07-01"
