"","site.type","TPI.gen","TRI.gen","month","day","n","temp.soil.mean.daily","temp.soil.min.daily","temp.soil.med.daily","temp.soil.max.daily","temp.soil.se.daily","temp.ground.mean.daily","temp.ground.min.daily","temp.ground.med.daily","temp.ground.max.daily","temp.ground.se.daily","temp.air.mean.daily","temp.air.min.daily","temp.air.med.daily","temp.air.max.daily","temp.air.se.daily","moisture.soil.mean.daily","moisture.soil.min.daily","moisture.soil.med.daily","moisture.soil.max.daily","moisture.soil.se.daily","date"
"1","concave.gentle","concave","gentle",6,26,285,16.3288070175439,8.31,15.88,28.25,0.285487090086753,15.6313333333333,-1.25,12.81,40.88,0.771017844217929,13.5825964912281,-2.12,12.5,33.38,0.673045373730502,2.12315789473684,0.2,1.9,4.6,0.0685988073247579,2025-06-26
"2","concave.gentle","concave","gentle",6,27,288,17.2409027777778,8.88,16.25,29.62,0.317017986341969,17.8090972222222,0.25,14.53,41.94,0.802347125537734,15.6042708333333,-0.5,14.5,34.5,0.686426859692181,2.53159722222222,1.1,2.15,5.1,0.0715358908371667,2025-06-27
"3","concave.gentle","concave","gentle",6,28,288,18.3167361111111,10,17.5,30.44,0.308599708600607,18.6388541666667,1.62,16.12,41.62,0.774447545480126,16.3301388888889,0.88,15.75,33.25,0.652686984680637,2.73993055555556,1.4,2.35,5.4,0.0713180958266093,2025-06-28
"4","concave.gentle","concave","gentle",6,29,288,19.1158680555556,10.12,18.19,31.5,0.332049312340662,19.1722222222222,1.19,15.12,41.5,0.81689685402407,16.686875,0.38,15.595,33,0.678299446929987,2.85381944444444,1.3,2.4,5.5,0.0760234562153504,2025-06-29
"5","concave.gentle","concave","gentle",6,30,288,19.3672569444444,10.06,18.28,32.62,0.35002044788774,19.0817361111111,0.38,15.44,43.75,0.877032821520662,16.6961805555556,-0.62,16.25,36.38,0.755922232050677,2.821875,1,2.4,5.8,0.0829267219622165,2025-06-30
"6","concave.gentle","concave","gentle",7,1,288,19.8743402777778,11.38,19.345,32.38,0.30344535402852,19.6129513888889,2.81,17.875,42.88,0.74471821294846,17.8965625,2.12,17.63,37.69,0.667446499623452,2.73298611111111,0.9,2.4,5.5,0.0739404960777655,2025-07-01
"7","concave.gentle","concave","gentle",7,2,288,16.895625,10.31,16.75,28.38,0.21638941564728,15.2838194444444,4,13.44,34.31,0.505491700481186,14.451875,3.38,13.375,31,0.472491701205269,4.11875,1.9,3.4,7.8,0.0895232153841764,2025-07-02
"8","concave.gentle","concave","gentle",7,3,288,15.7936458333333,12,15.38,22.62,0.14089870380274,14.9934722222222,6.38,14.75,31.62,0.350693458943813,13.9617361111111,5.5,14.12,27.5,0.305486451701474,3.68194444444444,1.6,3.9,7.2,0.077365123657782,2025-07-03
"9","concave.gentle","concave","gentle",7,4,288,15.8022569444444,10.62,15.5,23.38,0.177585984125893,14.8901736111111,4.31,12.75,34.25,0.418291652607378,13.7962152777778,3.81,12.06,31.25,0.371161594631534,5.45104166666667,1.7,4.6,18.1,0.186626390663208,2025-07-04
"10","concave.gentle","concave","gentle",7,5,288,15.0296527777778,9.12,14.09,25.75,0.249928710443365,15.3450347222222,3.88,11.53,35.62,0.56949225293024,13.9511805555556,3.19,10.97,29.75,0.506485008622362,14.8631944444444,6.3,17.65,45.7,0.367310006383806,2025-07-05
"11","concave.gentle","concave","gentle",7,6,288,16.4520138888889,8.62,15.315,29.62,0.334474451968826,17.1454166666667,2,14.62,39.94,0.742303882896683,15.1511458333333,1,14.44,32.44,0.63773779015282,12.5996527777778,5.7,14.15,18.3,0.257060809802066,2025-07-06
"12","concave.gentle","concave","gentle",7,7,288,18.0981944444444,9,17.06,30.75,0.356013250915766,18.3859375,1,13.595,43,0.838417413366364,16.0001736111111,0,13.155,35.19,0.726733312323777,11.2395833333333,4.6,12.3,16.5,0.230806186479456,2025-07-07
"13","concave.gentle","concave","gentle",7,8,288,18.6262152777778,10.25,18.5,30.25,0.293410342354097,18.8620833333333,2.38,15.78,42.38,0.75143019969943,17.104375,1.44,15.155,36.38,0.676666041672636,10.096875,4.2,11.3,15,0.204769375963099,2025-07-08
"14","concave.gentle","concave","gentle",7,9,288,18.7434375,9.62,17.75,32,0.3433970638602,20.2920138888889,1.5,15.62,46.25,0.890466086843804,18.2502083333333,0.5,15.62,38.56,0.778203016261027,9.13888888888889,3.7,9.8,13.8,0.178992009122771,2025-07-09
"15","concave.gentle","concave","gentle",7,10,192,20.5608854166667,12.31,19.25,32.38,0.424932135451401,20.6671875,5.5,16.715,42.38,0.92510734250006,18.34109375,4.62,16.315,34.38,0.791484408907631,7.73645833333333,3.6,8.3,12.4,0.216120905620115,2025-07-10
"16","concave.gentle","concave","gentle",7,11,192,19.835625,10.5,19,32.19,0.446291630657949,18.3542708333333,1.12,14.285,44,1.02966487989368,15.90171875,0.06,13.345,36,0.913397006648406,6.8359375,3,7.45,10.9,0.190001638361087,2025-07-11
"17","concave.gentle","concave","gentle",7,12,192,20.2277604166667,11.12,19.25,32.88,0.444218137803267,19.4130729166667,2.62,15.565,44.75,1.00428965261131,17.0556770833333,1.81,14.875,36.5,0.883773511946517,6.38958333333333,2.9,6.95,10.1,0.171975798751777,2025-07-12
"18","concave.gentle","concave","gentle",7,13,192,20.7974479166667,11.31,19.56,34.25,0.466899125096527,20.3545833333333,2.75,15.845,45.88,1.06964065674517,18.1231770833333,1.88,15.25,38.25,0.957280548358285,6.08541666666667,2.6,6.6,9.7,0.167267065922584,2025-07-13
"19","concave.gentle","concave","gentle",7,14,192,21.19984375,11.5,19.97,34.62,0.476256487067,20.5307291666667,2.56,16,46.38,1.07806668814303,18.2152604166667,1.75,15.685,39,0.958283814644355,5.88697916666667,2.4,6.4,9.5,0.165860625712604,2025-07-14
"20","concave.gentle","concave","gentle",7,15,192,20.78234375,12.12,20.155,34.12,0.393796104717612,18.5528125,3.88,15.44,42.75,0.840153922617922,16.8990104166667,3.06,14.72,36.5,0.759554827510297,5.459375,2.2,6,9,0.158429444484917,2025-07-15
"21","concave.gentle","concave","gentle",7,16,192,17.9442708333333,9.75,16.655,31.88,0.417832164590105,17.0772916666667,3.12,11.97,41.75,0.921973632086711,15.3101041666667,2.25,11.625,34,0.804487987248603,6.59739583333333,2.5,6.65,10.3,0.220716738247616,2025-07-16
"22","concave.gentle","concave","gentle",7,17,192,19.3688020833333,10.06,18.56,32.5,0.456680888730566,18.2558333333333,1.69,14.28,44.31,1.03521937918049,16.2000520833333,0.62,13.78,36.62,0.935113240153235,5.96302083333333,2,6.6,10.1,0.196850712712601,2025-07-17
"23","concave.gentle","concave","gentle",7,18,192,19.3986979166667,11.19,18.88,32.38,0.38360581174781,17.34953125,3.12,15.37,40.62,0.809946656807199,15.8490104166667,2.38,15.13,34.5,0.744274424128157,5.35885416666667,1.8,5.9,9.4,0.178386345195415,2025-07-18
"24","concave.gentle","concave","gentle",7,19,192,16.4610416666667,10.38,16.19,23.5,0.271067762935033,14.2349479166667,3.38,11.81,35.38,0.647484847224588,13.2979166666667,2.75,11.285,30.75,0.611269710516606,5.27864583333333,2.1,5.9,9.4,0.168904246284945,2025-07-19
"25","concave.gentle","concave","gentle",7,20,192,16.33265625,9.38,15.185,27.62,0.367610525568488,16.5568229166667,1.75,11.75,39.38,0.906944366924567,15.2358333333333,1,12.03,34.25,0.829679485273612,5.98385416666667,3.1,6.5,9.2,0.139505244487216,2025-07-20
"26","concave.gentle","concave","gentle",7,21,192,18.6064583333333,11.25,17.06,30.75,0.394842437690949,19.208125,4.38,14.815,44.88,0.943767039029407,17.3134375,3.62,14.185,36.94,0.834120282842458,5.8546875,2.9,6.4,9.4,0.142882682212175,2025-07-21
"27","concave.gentle","concave","gentle",7,22,192,19.8455208333333,13.25,19.25,30.38,0.323694853358987,19.92078125,7.69,15.435,39.94,0.687037310249178,18.1575,7.12,14.72,34.19,0.590755134121068,5.78125,2.9,6.2,8.9,0.143128350803274,2025-07-22
"28","concave.gentle","concave","gentle",7,23,192,18.3534895833333,11.25,17.06,31.75,0.39145572006231,17.1399479166667,2.62,12.09,45.25,0.885960834722429,15.1813020833333,1.75,11.12,36.62,0.778148763969833,5.44322916666667,2.2,6.2,8.9,0.154206859818532,2025-07-23
"29","concave.gentle","concave","gentle",7,24,192,18.0030729166667,10,17.815,30.5,0.364706458403376,15.1627083333333,1.12,13.69,41.75,0.814518050140617,13.7128125,0.19,12.53,35.62,0.768171851250281,5.096875,1.8,5.75,8.7,0.162163038759867,2025-07-24
"30","concave.gentle","concave","gentle",7,25,192,16.3511458333333,8.38,15.315,29.62,0.411294842579665,16.14015625,0.62,13.595,42.75,0.968860740662974,14.77671875,-0.12,13.845,36.06,0.877059975927922,5.77708333333333,1.8,6.7,9.6,0.203499272027747,2025-07-25
"31","concave.gentle","concave","gentle",7,26,192,17.3644791666667,9.69,16.5,28.88,0.363534306605139,15.6871354166667,1.44,13.095,37.5,0.823606329919881,14.1904166666667,0.44,12,33,0.777703441595895,5.17760416666667,1.6,5.65,9.1,0.17890446878932,2025-07-26
"32","concave.gentle","concave","gentle",7,27,192,17.1941145833333,8.69,15.845,31.81,0.448385849976539,16.8173958333333,-0.06,11.405,43.88,1.07579420033914,15.0157291666667,-0.88,10.5,36.31,0.975032267470664,5.0578125,1.2,5.8,9.1,0.186139499914718,2025-07-27
"33","concave.gentle","concave","gentle",7,28,192,18.688125,8.88,17.315,33.12,0.490245032721822,17.9733854166667,-0.88,13.19,46.69,1.15111644696966,16.0758333333333,-1.88,13.44,38.88,1.04786862006855,4.83802083333333,0.9,5.5,8.8,0.185115911043021,2025-07-28
"34","concave.gentle","concave","gentle",7,29,192,18.5383854166667,10.62,17.72,32.88,0.376161037134892,17.2148958333333,2.62,13.66,43.81,0.845551558960875,16.0205208333333,1.88,13.905,37.88,0.802588232916731,4.4609375,1,5.25,8.5,0.172742942278254,2025-07-29
"35","concave.gentle","concave","gentle",7,30,192,17.795,10.06,17.285,28,0.36010353065795,16.8568229166667,2.5,13.12,40.88,0.82032040456973,15.9220833333333,1.88,13.25,36.5,0.767358565430275,4.29739583333333,0.9,4.95,8,0.167803336362836,2025-07-30
"36","concave.gentle","concave","gentle",7,31,192,18.0209895833333,10.75,16.315,32,0.396915549349371,19.9094791666667,4.12,14.685,44.88,0.863553349689241,18.9766145833333,3.81,15.22,37.5,0.705133834355693,4.65416666666667,1.2,5.4,8.6,0.174333111846202,2025-07-31
"37","concave.gentle","concave","gentle",8,1,192,18.6621875,11.38,18.19,31.25,0.354473802300687,17.32890625,4.31,14.905,41.56,0.773221931309955,16.0861979166667,3.38,14.88,36.25,0.721397786731806,4.19479166666667,0.9,4.95,8.1,0.166577320483498,2025-08-01
"38","concave.gentle","concave","gentle",8,2,192,17.1925520833333,9.38,16.09,28.12,0.381619501280546,15.7922395833333,0.88,11.72,42.62,0.904616522039268,14.4181770833333,0.06,11,36.12,0.848038023858595,3.971875,0.4,4.75,8.3,0.174371543967953,2025-08-02
"39","concave.gentle","concave","gentle",8,3,192,17.4266145833333,9,16.12,30.19,0.422969152668175,16.1463020833333,-0.12,12.285,40.25,0.973151457161452,14.4558333333333,-1,12.5,34.5,0.880268458219957,3.940625,0.3,4.6,7.9,0.176267159144545,2025-08-03
"40","concave.gentle","concave","gentle",8,4,192,19.5313541666667,11.12,18.25,32.62,0.424462312832576,19.8433854166667,2.75,13.62,46.38,0.951794196162595,18.036875,1.81,13,38,0.849154146894838,4.06927083333333,0.4,4.75,7.6,0.16777733366283,2025-08-04
"41","concave.gentle","concave","gentle",8,5,192,18.9408854166667,10.06,17.685,32.44,0.449025618466767,17.1659895833333,0.88,14.035,42.69,0.968248348861801,15.2763020833333,0,13.56,35.12,0.863296185024627,3.6203125,0.1,4.3,7.5,0.166508223764493,2025-08-05
"42","concave.gentle","concave","gentle",8,6,192,19.21125,9.81,17.72,32.88,0.474753630306845,18.1652083333333,0.69,12.88,44.12,1.08103541348921,16.2794270833333,-0.19,12.155,37.12,0.978708039853381,3.5578125,0,4.2,7.5,0.169628054736847,2025-08-06
"43","concave.gentle","concave","gentle",8,7,192,19.2140625,9.88,18.03,32.62,0.460059579310468,17.6247395833333,0.75,13.685,43,1.00509918538592,15.8904166666667,-0.06,13.75,36.19,0.911690010321497,3.365625,0,4,7.2,0.163111609548501,2025-08-07
"44","concave.gentle","concave","gentle",8,8,192,19.4901041666667,12.12,18.185,31.75,0.388659400967791,18.5218229166667,6.25,13.97,37.88,0.692545567100346,16.8709375,6.12,14.06,29.5,0.532532665981454,3.35416666666667,0.3,4,6.9,0.154157822490525,2025-08-08
"45","concave.gentle","concave","gentle",8,9,192,16.7989583333333,8.38,15.97,31.12,0.410825910134307,12.4024479166667,-2.81,9.03,37.12,0.883432675809921,10.4721875,-3.94,7.59,30.38,0.823906020157359,2.80052083333333,0,3.35,6.3,0.151423037180038,2025-08-09
"46","concave.gentle","concave","gentle",8,10,192,16.3565104166667,7.5,15.185,29.62,0.443090138828735,13.4895833333333,-2.25,9.22,39.31,0.988712236239289,11.59640625,-3.25,8.185,33.38,0.917166517795659,2.7953125,0,3.25,6.7,0.160053044392326,2025-08-10
"47","concave.gentle","concave","gentle",8,11,192,17.38953125,8.56,15.91,31.38,0.454217932780672,15.82734375,-0.12,10.095,40.62,1.01264718601012,14.3184375,-0.94,9.75,34.88,0.936514000566015,2.91145833333333,0,3.45,7,0.165521380595352,2025-08-11
"48","concave.gentle","concave","gentle",8,12,192,18.93671875,9.88,17.625,32.62,0.459142411165324,18.24265625,2.12,13.565,43.25,1.01800356552236,16.83140625,1.44,13.19,37.25,0.933018040351357,2.96302083333333,0,3.45,7.2,0.169912288088448,2025-08-12
"49","concave.gentle","concave","gentle",8,13,192,19.2134895833333,10.62,18.25,32.25,0.416108475211662,18.2396875,2.94,14.065,42.31,0.918554256689135,17.11796875,2.38,13.75,36.62,0.864317114669895,2.75729166666667,0,3.15,6.3,0.156850703209669,2025-08-13
"50","concave.gentle","concave","gentle",8,14,192,18.27984375,11.12,17.53,29.75,0.356108533932238,17.63953125,4.81,13.13,41.5,0.817903168996161,16.8527604166667,4.38,13.405,36.44,0.767032139294011,2.58645833333333,0,3.2,6.2,0.150220241859108,2025-08-14
"51","concave.gentle","concave","gentle",8,15,192,18.2891145833333,11.12,18.12,29.5,0.313472724724049,17.0434895833333,3.44,16.62,40.25,0.677170250737057,16.4694270833333,2.81,16.685,36.62,0.651293158308136,2.5078125,0,2.95,6.3,0.143875692568001,2025-08-15
"52","concave.gentle","concave","gentle",8,16,192,16.7780208333333,11.12,16.03,26.81,0.282825832954768,16.5075,6.75,13.405,38.38,0.645591444033357,15.7853125,6.38,13.25,35.25,0.589915427993747,2.88489583333333,0,3.5,6.4,0.165948457811443,2025-08-16
"53","concave.gentle","concave","gentle",8,17,192,15.7430729166667,10.31,15.09,27,0.258785290851304,12.8842708333333,3.25,12.435,33.62,0.480004888409423,12.4181770833333,2.75,12.19,29.81,0.481718425333878,2.73541666666667,0,3.25,6.7,0.154135046401157,2025-08-17
"54","concave.gentle","concave","gentle",8,18,192,13.9326041666667,7.25,12.685,27.25,0.373959482037617,13.9699479166667,0.81,8.345,41.19,0.913154211255097,13.3074479166667,0.25,8.28,36,0.858437762355485,3.92395833333333,0.4,5,7.6,0.178007211036905,2025-08-18
"55","concave.gentle","concave","gentle",8,19,192,16.2347395833333,7.69,14.62,30.56,0.452611887127588,16.4104166666667,-0.12,10,43.75,1.09023166686802,15.4723958333333,-0.88,10.25,38.44,1.02615043526897,3.590625,0,4.3,7.3,0.166212551467958,2025-08-19
"56","concave.gentle","concave","gentle",8,20,192,18.3494791666667,11.25,16.815,31.19,0.396268182699408,19.265625,4.62,12.905,45.06,0.909031382427233,18.49375,4.06,11.75,39.25,0.853002993036963,3.46354166666667,0.4,4.1,6.7,0.143821335557667,2025-08-20
"57","concave.gentle","concave","gentle",8,21,192,19.0068229166667,12.5,18.315,30.12,0.308347018792339,18.8781770833333,6.88,16.22,40,0.639153270247525,18.0025,6.5,16,36,0.597094431787137,3.30729166666667,0.4,3.85,6.4,0.131133320078802,2025-08-21
"58","concave.gentle","concave","gentle",8,22,192,17.54140625,9.62,16.5,30.75,0.411360857695678,17.2201041666667,1.12,11.815,43,1.00372567308965,16.1241666666667,0.5,11.97,37.5,0.937244919729034,2.9234375,0,3.5,6.7,0.155504068625646,2025-08-22
"59","concave.gentle","concave","gentle",8,23,192,18.3063541666667,10.31,17.285,30.38,0.398971171159742,17.7985416666667,3.5,12.66,41.5,0.937191755487032,16.8245833333333,3.19,12.5,36.25,0.874173746117834,2.81197916666667,0,3.35,6.4,0.151506977754734,2025-08-23
"60","concave.gentle","concave","gentle",8,24,192,17.7844270833333,11.31,17.06,28.25,0.29079117872677,15.8897395833333,4.69,14.41,37.75,0.613713983896208,15.2876041666667,4.12,14.215,34.38,0.604425318450966,2.534375,0,3.05,5.9,0.140323144130174,2025-08-24
"61","concave.gentle","concave","gentle",8,25,192,16.2044270833333,12,16,22.75,0.189450510376322,15.0796354166667,8.5,13.38,30.12,0.389684774189528,14.5502083333333,8,13.155,28,0.373492774973963,2.9421875,0,4,7.7,0.163453562231487,2025-08-25
"62","concave.gentle","concave","gentle",8,26,192,13.5769270833333,9.69,13.12,19.56,0.182284029656468,11.5074479166667,5.12,10.56,26.69,0.371421114714407,10.9447916666667,4.5,10.12,23.5,0.352932638330021,6.61510416666667,1.4,5.4,42.9,0.44955639729607,2025-08-26
"63","concave.gentle","concave","gentle",8,27,192,15.3334895833333,12.44,14.845,20.12,0.147355928579332,14.71171875,11.19,13.22,25.75,0.261322649159409,13.9909375,10.88,12.62,23.75,0.229448155175043,13.6307291666667,2.9,16.4,48.1,0.731999459279581,2025-08-27
"64","concave.gentle","concave","gentle",8,28,192,13.4080729166667,11,12.97,17.5,0.12861483346274,12.1378125,6.81,10.345,26.56,0.310056937276781,11.1353125,6.25,9.845,22.5,0.263199090969109,31.2963541666667,24.7,33.9,47.9,0.423844397247394,2025-08-28
"65","concave.gentle","concave","gentle",8,29,192,13.2223958333333,8.62,12.56,20.5,0.24109776673337,13.5094791666667,3.12,8.97,33.25,0.672174641428663,12.2340625,2.5,8.34,27.38,0.596146164579835,26.1666666666667,15.6,27.5,33.4,0.480959068887694,2025-08-29
"66","concave.gentle","concave","gentle",8,30,192,13.1275520833333,7.38,12.345,21.31,0.290303969629969,12.91453125,1.19,7.44,34.5,0.800390430159423,11.62671875,0.5,7,28.81,0.728589657627606,22.4177083333333,14.9,22.55,30.2,0.469648710657205,2025-08-30
"67","concave.gentle","concave","gentle",8,31,192,13.05234375,6.44,12.25,22.5,0.327923247636284,12.9440104166667,-0.56,6.97,37.12,0.909572775207245,11.75125,-1.31,6.465,31.56,0.84832073978676,21.1026041666667,14.2,21.6,27.8,0.41603733115688,2025-08-31
"68","concave.gentle","concave","gentle",9,1,192,13.6204166666667,7,13.19,22.12,0.305245872570062,13.90125,0.44,8.375,39.62,0.871131605627838,13.0791145833333,-0.19,8,34.5,0.835194881126588,20.1458333333333,13.7,20.75,26.3,0.389511844706881,2025-09-01
"69","concave.gentle","concave","gentle",9,2,192,14.2971354166667,7.75,13.685,22.25,0.313581093525076,15.3307291666667,1.56,10.375,36.44,0.862628223167313,14.5968229166667,1,10.75,32.62,0.824003522593163,20.1286458333333,13.2,20.05,26.6,0.428876697476345,2025-09-02
"70","concave.gentle","concave","gentle",9,3,192,14.5277083333333,7.69,13.62,23.81,0.336427501842739,14.978125,1.12,8.965,37.81,0.924212141554674,13.98859375,0.5,8.845,34,0.874085606118491,19.290625,13.1,19.75,25.4,0.382187629989247,2025-09-03
"71","concave.gentle","concave","gentle",9,4,192,14.89546875,8,14.345,23.25,0.318604373272085,14.4446875,1.38,9.435,36.44,0.830577810879276,13.59296875,0.81,9.25,32.62,0.797009839271392,18.5239583333333,12.7,18.9,24.4,0.368139313429213,2025-09-04
"72","concave.gentle","concave","gentle",9,5,192,14.3070833333333,8,13.815,21.38,0.284302672450059,13.4858854166667,1.5,8.97,33.5,0.751730973137344,12.4801041666667,0.88,8.75,30.25,0.713991171701582,17.8546875,12.2,18.15,23.4,0.352062290176189,2025-09-05
"73","concave.gentle","concave","gentle",9,6,192,13.7953645833333,7.31,13.315,21.62,0.29290442492395,12.2897916666667,-0.06,7.72,35.56,0.774779260344307,11.4327604166667,-0.75,7.06,32.06,0.753495461917681,17.3666666666667,11.9,17.7,23,0.342200185756895,2025-09-06
"74","concave.gentle","concave","gentle",9,7,192,13.9339583333333,8.62,13.815,19.38,0.204966369649378,12.7685416666667,2,11.845,31.5,0.530059015359643,12.0080729166667,1.38,11.31,29.12,0.502596117584568,17.6546875,11.5,21,48.2,0.43912580554159,2025-09-07
"75","concave.gentle","concave","gentle",9,8,192,12.8994270833333,8.06,12.155,20,0.237491218549144,13.5106770833333,2.88,9.155,31,0.639421764870015,12.6319270833333,2.38,8.685,27.69,0.590808939103429,23.1015625,17.8,23.35,28,0.312104441243546,2025-09-08
"76","concave.gentle","concave","gentle",9,9,192,13.0114583333333,8.88,12.56,19.38,0.212501205703557,12.4117708333333,3.06,9,29,0.530180334112521,11.9698958333333,2.5,9.12,26.62,0.516263582646428,21.3390625,16.5,21.35,26.3,0.302864858248274,2025-09-09
"77","concave.gentle","concave","gentle",9,10,192,12.57875,8.12,11.56,19.38,0.238892234890389,13.1175,3.75,8.215,32,0.67766737530534,12.5116145833333,3.25,7.94,29.25,0.658139329269265,20.8328125,16,20.85,25.6,0.308326108408908,2025-09-10
"78","concave.gentle","concave","gentle",9,11,192,12.6755729166667,7.62,12.28,19,0.22867543755776,12.8606770833333,2.62,11.095,31.88,0.623824938402937,12.4466666666667,2.25,11.75,27.75,0.601365199573194,19.6041666666667,15,19.85,24.3,0.294986867565435,2025-09-11
"79","concave.gentle","concave","gentle",9,12,192,13.1002083333333,9.25,12.75,18.25,0.179609131777275,13.53125,6.75,11,28.25,0.414760928662556,13.2950520833333,6.44,11.815,25,0.381229639954992,19.0458333333333,14.3,22.45,46.5,0.325223806458531,2025-09-12
"80","concave.rugged","concave","rugged",6,26,285,16.3095087719298,8.12,15.5,28.81,0.339068738939569,15.2047719298246,-0.38,11.31,41.25,0.777866481338165,13.7966315789474,-0.75,11.69,34.94,0.68453101300287,0.350526315789474,0,0,3.5,0.0503769361291083,2025-06-26
"81","concave.rugged","concave","rugged",6,27,288,17.6493055555556,8.94,16,31.62,0.393702567230581,17.7099652777778,1.69,11.94,43.06,0.82534118389148,15.8540972222222,1.19,12.62,36,0.69796119187523,0.530555555555556,0,0,4,0.0631198560680487,2025-06-27
"82","concave.rugged","concave","rugged",6,28,288,18.8107638888889,10,17.345,34,0.391803693132283,18.7796527777778,2.75,14.56,44.12,0.802975779319527,16.7151736111111,2.38,14.815,35.94,0.659915157640785,0.594791666666667,0,0,4.2,0.0674391033411333,2025-06-28
"83","concave.rugged","concave","rugged",6,29,288,19.5738888888889,10.12,17.845,35.12,0.429349231103181,19.1574305555556,2,13.685,44.12,0.850578989247855,16.8879166666667,1.69,14.19,35.44,0.687800681704795,0.670833333333333,0,0,4.1,0.0712047038676817,2025-06-29
"84","concave.rugged","concave","rugged",6,30,288,19.7279166666667,10.25,17.815,36.38,0.451051444418485,19.1729513888889,1.12,13.185,47.56,0.9224420585729,16.9317013888889,0.62,13.595,39.38,0.764935013098137,0.655902777777778,0,0,4.4,0.0728055163525074,2025-06-30
"85","concave.rugged","concave","rugged",7,1,288,20.22875,11.75,18.97,35.81,0.373850236844457,19.7630208333333,4.19,15.315,45.12,0.769869688895981,18.21375,4,15.655,39.75,0.673306966381987,0.600347222222222,0,0,3.8,0.0643178307973068,2025-07-01
"86","concave.rugged","concave","rugged",7,2,288,16.9455902777778,10.62,16.78,28.5,0.256521523371482,15.0146875,4.5,12.88,38.44,0.493378851692454,14.4161111111111,4.25,12.815,33.56,0.452344029514178,1.65763888888889,0,0,6.9,0.122040219861312,2025-07-02
"87","concave.rugged","concave","rugged",7,3,288,15.5317361111111,11.5,15.25,23.5,0.172742558258544,14.8278472222222,7.06,14.19,31.88,0.336878664546119,14.0800347222222,6.75,13.75,27.12,0.292834316532875,2.115625,0,2.5,5.6,0.0963460686162884,2025-07-03
"88","concave.rugged","concave","rugged",7,4,288,15.4691666666667,9.88,15.12,23.12,0.206284624728881,14.9219097222222,5.12,12.44,31,0.406554244447813,14.0089583333333,4.88,12.09,27.88,0.352232981919396,2.95381944444444,0,3.15,9.7,0.140120853355047,2025-07-04
"89","concave.rugged","concave","rugged",7,5,288,15.1204513888889,8.75,13.72,26.38,0.300625610778065,15.3956944444444,4.31,11.03,37.38,0.571282033069874,14.2054861111111,3.88,10.75,30.62,0.497056323784377,8.55069444444444,2.2,6.5,20.3,0.286732358610163,2025-07-05
"90","concave.rugged","concave","rugged",7,6,288,16.6689583333333,7.75,14.845,32.62,0.421386213668908,17.3221527777778,2.38,12.38,44.12,0.775687666086918,15.4010763888889,1.94,12.44,34.5,0.643867349417524,7.01875,1.9,5.2,13.9,0.239724432015732,2025-07-06
"91","concave.rugged","concave","rugged",7,7,288,18.2732638888889,8.38,16.47,33.75,0.444472116993686,18.4251041666667,1.38,12.625,46.38,0.874880852991328,16.1342361111111,0.75,12.31,36.62,0.730239923859866,6.328125,1.3,5.3,13,0.208532488650646,2025-07-07
"92","concave.rugged","concave","rugged",7,8,288,18.6593402777778,10.12,17.97,32.94,0.350951026221609,18.6290625,3.38,14.5,43.25,0.75323530030192,17.1026388888889,3,14.47,37.25,0.662085371190337,4.97673611111111,0.8,4.6,10.6,0.169787638788662,2025-07-08
"93","concave.rugged","concave","rugged",7,9,288,18.8248611111111,9.5,17.25,34.12,0.416978994359297,20.1719791666667,3,14.03,48.5,0.918145869741166,18.3009027777778,2.88,14.405,41,0.779535423347989,3.959375,0,3.75,8.8,0.164776399114495,2025-07-09
"94","concave.rugged","concave","rugged",7,10,288,20.6713888888889,12.5,18.78,35.25,0.390097147528445,21.5704513888889,6.25,15.41,46.75,0.79333461769756,19.1683333333333,5.88,15.405,36.62,0.625187724420874,3.07152777777778,0,2.8,7.7,0.149752446379657,2025-07-10
"95","concave.rugged","concave","rugged",7,11,288,19.8916319444444,10.75,18.47,34.31,0.399174906578232,19.251875,1.75,13.815,47,0.87876184174668,16.693125,1.19,13.38,38,0.724477448848881,2.39166666666667,0,1.85,6.8,0.129332580490403,2025-07-11
"96","concave.rugged","concave","rugged",7,12,288,20.3047916666667,11.38,18.56,36.44,0.409199054242296,20.3272916666667,3.5,15.03,48.12,0.87225714455265,17.8190277777778,3.06,14.66,39.56,0.709655677358877,1.93923611111111,0,1.35,6.3,0.116944595529852,2025-07-12
"97","concave.rugged","concave","rugged",7,13,288,21.0949305555556,11.75,19.345,37.56,0.431186122351627,21.3492013888889,3.81,15.685,49.5,0.91434992395891,18.9132638888889,3.44,15.095,41.38,0.757452064575061,1.6125,0,0.8,5.8,0.110080116796001,2025-07-13
"98","concave.rugged","concave","rugged",7,14,288,21.4361458333333,11.88,19.685,38.31,0.437993894964495,21.4883333333333,3.75,15.59,50.75,0.910471530770189,19.1284722222222,3.38,15.565,41.69,0.756740107947764,1.33368055555556,0,0.15,5.5,0.0992996733060996,2025-07-14
"99","concave.rugged","concave","rugged",7,15,288,20.9553472222222,12.69,20.375,36.19,0.327444800438895,19.2386111111111,5.12,15.875,45,0.679894674450722,17.5618055555556,4.75,15.44,37.88,0.578541232471178,1.00555555555556,0,0,4.7,0.0782193235173675,2025-07-15
"100","concave.rugged","concave","rugged",7,16,288,17.8616319444444,10,16.125,34.12,0.377158620236045,17.4779166666667,3.12,11.47,43.69,0.787183492722423,15.7059375,2.75,11.25,38.88,0.662131815627303,1.90451388888889,0,0,7.3,0.14619910707494,2025-07-16
"101","concave.rugged","concave","rugged",7,17,288,19.0762847222222,10.38,17.75,33,0.36548789518594,18.7169097222222,2.31,13.62,44.5,0.830580589544732,16.8502430555556,2,13.095,38.5,0.729119202727531,1.51006944444444,0,0,6.4,0.116847006721235,2025-07-17
"102","concave.rugged","concave","rugged",7,18,288,19.0832291666667,11.94,18.28,32.5,0.284334027764342,17.9027430555556,4.44,15.38,42.5,0.634804757467136,16.6769444444444,4.19,15.345,36.69,0.572326876877379,1.14861111111111,0,0,5.4,0.0907460531535436,2025-07-18
"103","concave.rugged","concave","rugged",7,19,288,16.8647222222222,10.94,16.25,27.62,0.243640805817121,15.2490277777778,4.69,11.94,39.31,0.556196266417036,14.1739930555556,4.5,11.44,35.31,0.492382649460722,1.33125,0,0.75,5.2,0.0878893052633527,2025-07-19
"104","concave.rugged","concave","rugged",7,20,288,16.9090625,9,15.47,30,0.330408528738707,17.3588541666667,2.88,11.875,42.88,0.744633248337107,15.9009375,2.62,11.62,37.69,0.665312700710727,1.93680555555556,0,1.95,5.2,0.0961556502882421,2025-07-20
"105","concave.rugged","concave","rugged",7,21,288,18.9401736111111,11.12,17.185,33.12,0.350612139795671,19.9209027777778,6.06,14.03,45.38,0.758083649317882,18.2992708333333,6,13.91,40.88,0.664133277581358,1.65451388888889,0,1.6,5,0.0893578775703671,2025-07-21
"106","concave.rugged","concave","rugged",7,22,288,20.1392361111111,13.19,19.44,32.62,0.270426050232433,20.5984027777778,8.62,16.44,41.88,0.542542029943041,19.090625,8.19,15.685,34.75,0.464014897289778,1.28090277777778,0,1.2,4.5,0.0742253325113669,2025-07-22
"107","concave.rugged","concave","rugged",7,23,288,18.5664930555556,11.62,17.185,32.12,0.32397050526831,17.9897569444444,3.38,12.185,44,0.724998003212788,15.9575694444444,2.88,11.435,39.25,0.624457148091984,1.078125,0,0.75,4.5,0.0772247296485367,2025-07-23
"108","concave.rugged","concave","rugged",7,24,288,17.9693055555556,10.69,17.785,29.56,0.281037709942089,15.8148611111111,2.44,13.19,44,0.642770921059362,14.4216319444444,2,12.75,36.25,0.588629947440278,0.948611111111111,0,0.5,8.4,0.0797789790424356,2025-07-24
"109","concave.rugged","concave","rugged",7,25,288,16.7047222222222,9.12,15.125,32.56,0.366825152136354,17.2833680555556,1.75,12.25,45.56,0.832083354292371,15.7849305555556,1.5,12.06,41.88,0.733490153873324,1.96458333333333,0,0.6,7,0.135789600831435,2025-07-25
"110","concave.rugged","concave","rugged",7,26,288,17.3686111111111,10.75,16.78,30.38,0.268657201438886,16.5016319444444,2.81,13.88,40.75,0.633072677092875,15.3217708333333,2.5,13.315,35.12,0.597242246794315,1.28888888888889,0,0,5.9,0.0986690638518334,2025-07-26
"111","concave.rugged","concave","rugged",7,27,288,17.6274652777778,9.5,16.09,33.88,0.375535945086142,18.4229513888889,1.19,11.75,51,0.903671147149648,16.5755555555556,1,11.435,45.06,0.801302628190085,1.25798611111111,0,0,5.6,0.0988807887046832,2025-07-27
"112","concave.rugged","concave","rugged",7,28,192,19.7786979166667,9.62,18.09,35.62,0.548843634414268,19.9203125,0.75,14.185,48.62,1.20430155868583,17.8055729166667,0.38,13.69,40.75,1.03436705181905,1.359375,0,0.85,5.1,0.120933316603782,2025-07-28
"113","concave.rugged","concave","rugged",7,29,192,19.1940625,11.31,19.09,35.12,0.380639905063622,18.44734375,4.19,15.31,47.88,0.845323383467025,17.22390625,4,15.25,40.12,0.752625968782003,0.988020833333333,0,0.35,4.8,0.092736662473172,2025-07-29
"114","concave.rugged","concave","rugged",7,30,192,18.6306770833333,11.5,17.47,30.12,0.396081331744284,18.4519791666667,4.38,13.94,42.75,0.887095750298932,17.0652083333333,4.12,14.435,36.5,0.752416377042108,0.94375,0,0.5,4.2,0.0897222329158533,2025-07-30
"115","concave.rugged","concave","rugged",7,31,192,19.5120833333333,12,16.815,35.19,0.482176095702915,21.6903125,6.12,14.5,46.81,0.979011189170034,20.0497916666667,5.81,15.09,39.38,0.768122803704145,1.2953125,0,1,4.8,0.108782853110886,2025-07-31
"116","concave.rugged","concave","rugged",8,1,192,19.5105729166667,12.25,19.125,34.12,0.36815987687933,18.51,5.38,15.905,45.88,0.785404227384008,17.1313541666667,5.06,15.75,38.38,0.683517236669971,0.847916666666667,0,0.3,4.4,0.0819062746955128,2025-08-01
"117","concave.rugged","concave","rugged",8,2,192,18.2896354166667,10.25,17,33.62,0.44223757743218,17.6345833333333,2.06,12.81,45.25,0.993109006431188,15.7522395833333,1.75,12.38,38,0.845408147647469,0.825520833333333,0,0.3,4.5,0.0890070522060176,2025-08-02
"118","concave.rugged","concave","rugged",8,3,192,19.1465104166667,10.12,17.62,34,0.498066225666784,18.5290625,1.44,14.185,45.25,1.06626183491222,16.17109375,1.12,13.845,38.06,0.887225190817416,0.81875,0,0.1,4.3,0.0937761743566208,2025-08-03
"119","concave.rugged","concave","rugged",8,4,192,20.9447395833333,11.75,19.03,35.62,0.507593827753092,21.2950520833333,3.88,13.94,47.56,1.03487290659074,19.0697395833333,3.5,13.685,39.38,0.864996019807495,0.922916666666667,0,0.3,4.1,0.0965621943658315,2025-08-04
"120","concave.rugged","concave","rugged",8,5,192,20.6353645833333,11,19.25,36.12,0.515076573843035,19.335625,2.31,15.965,44.81,1.03023491774373,16.9322395833333,2,15.37,37.62,0.854490824132025,0.724479166666667,0,0,4,0.0891157458738301,2025-08-05
"121","concave.rugged","concave","rugged",8,6,192,20.6518229166667,10.5,18.625,37.75,0.562700639560369,20.2158333333333,2.25,14.25,48.25,1.16551956430802,17.97609375,2,13.94,40.88,0.986675600420146,0.765625,0,0,4.2,0.0967390886391032,2025-08-06
"122","concave.rugged","concave","rugged",8,7,192,20.6505729166667,10.5,19.22,35.38,0.523887227504886,19.4634375,2.12,15,44.88,1.05453381483213,17.41296875,2,15.065,38,0.885738761471208,0.627604166666667,0,0,3.7,0.0818937109624241,2025-08-07
"123","concave.rugged","concave","rugged",8,8,192,21.1706770833333,13,19.155,36,0.462560382713976,20.40265625,7.31,14.5,41.75,0.78771983595518,18.0028645833333,7.5,14.25,34.75,0.559334147149552,0.626041666666667,0,0,3.4,0.0747760238518465,2025-08-08
"124","concave.rugged","concave","rugged",8,9,192,17.0914583333333,8.44,16.25,33.44,0.433946362666561,12.808125,-2,9.5,39.06,0.872413303301155,11.0886458333333,-2.5,8.88,33.56,0.773930802882553,0.396354166666667,0,0,2.9,0.0570669652516499,2025-08-09
"125","concave.rugged","concave","rugged",8,10,192,16.6888541666667,7.62,15.12,32.75,0.491596443610334,14.5154166666667,-1.5,10.465,42.25,1.02022865723947,12.44609375,-2,9.97,35.06,0.87986254185452,0.467708333333333,0,0,3.3,0.0690324776840844,2025-08-10
"126","concave.rugged","concave","rugged",8,11,192,18.935,8.69,16.69,36,0.572344635098777,18.1774479166667,1,11.655,46,1.13243217700291,15.7158333333333,0.75,11.405,39.12,0.939410047656593,0.601041666666667,0,0,3.7,0.08458266034301,2025-08-11
"127","concave.rugged","concave","rugged",8,12,192,20.813125,10.38,18.845,38.12,0.573458370550247,20.7779166666667,3.75,15.155,48.12,1.12257825153085,18.39484375,3.62,14.75,40.75,0.929439044286904,0.652604166666667,0,0,3.9,0.089528453996217,2025-08-12
"128","concave.rugged","concave","rugged",8,13,192,20.7724479166667,11.06,19.655,36.12,0.495340713317439,20.3461979166667,4.62,15.655,47.12,0.978662031474548,18.6565625,4.62,15.69,40.38,0.842218324569381,0.5765625,0,0,3.6,0.0766586038037483,2025-08-13
"129","concave.rugged","concave","rugged",8,14,192,20.1814583333333,12.06,19.185,33.75,0.42066208928206,20.2056770833333,6.25,15.875,44.69,0.8784217362561,18.6988541666667,6.31,15.815,38.12,0.746450007106,0.503125,0,0,3.3,0.0693828215171747,2025-08-14
"130","concave.rugged","concave","rugged",8,15,192,19.8830208333333,11.62,19.595,32.94,0.374763779872781,19.00734375,4.75,17.09,45.38,0.760469382666366,17.8027083333333,4.69,17,36.75,0.646376107385313,0.434375,0,0,3.2,0.0568816639748982,2025-08-15
"131","concave.rugged","concave","rugged",8,16,192,18.0757291666667,12.69,17.09,28.5,0.315374592791285,18.16609375,8,14.315,42.81,0.713390073742527,16.8697395833333,7.88,13.97,35.12,0.592340335125122,0.725,0,0.2,3.7,0.0715159338596059,2025-08-16
"132","concave.rugged","concave","rugged",8,17,192,16.2278125,11.25,16.22,27.62,0.241214628905742,13.7689583333333,4.38,12.625,33.62,0.475224239565378,13.22625,4.25,12.28,30.62,0.442246845753064,0.680208333333333,0,0.1,3.3,0.0688752808363214,2025-08-17
"133","concave.rugged","concave","rugged",8,18,192,15.42359375,8,13.155,32.44,0.476720231144555,16.34859375,1.5,9.785,46.88,1.04006956081127,14.8728125,1.44,9.625,40.5,0.889832684009454,1.35677083333333,0,0.85,5.4,0.115414685726774,2025-08-18
"134","concave.rugged","concave","rugged",8,19,192,18.4783333333333,8.62,16.25,35.81,0.561585830416308,19.3561458333333,1.25,12.435,49.62,1.20546658280606,17.4296875,1.25,12.565,43,1.02716749795758,1.1421875,0,0.4,4.9,0.116449281850555,2025-08-19
"135","concave.rugged","concave","rugged",8,20,192,20.5120833333333,11.94,18.44,35.38,0.489032494323899,21.9152604166667,6.19,14.5,49.25,1.0076837623341,20.2310416666667,6.25,14.845,41.25,0.846627146304688,0.9328125,0,0.3,4.4,0.0977639512995563,2025-08-20
"136","concave.rugged","concave","rugged",8,21,192,20.2559375,13.44,19.38,34.25,0.340592092020775,19.88203125,7.88,17.38,44.12,0.634485195615112,18.8764583333333,7.81,17.03,38.62,0.558118493731404,0.753125,0,0.15,3.8,0.073177784457368,2025-08-21
"137","concave.rugged","concave","rugged",8,22,192,19.24125,10,17.685,34.38,0.503060200508797,19.6229166666667,2.19,14.155,45.88,1.08847359638783,17.7371354166667,2.12,13.94,40.38,0.930765865354,0.758333333333333,0,0,4,0.092763742829359,2025-08-22
"138","concave.rugged","concave","rugged",8,23,192,20.3761458333333,11.12,18.845,36,0.49828470906181,20.6138541666667,4.94,15.19,47.25,1.01630041004068,18.856875,4.75,15.59,40.5,0.855145920468204,0.704166666666667,0,0,3.9,0.0906330548966928,2025-08-23
"139","concave.rugged","concave","rugged",8,24,192,19.3436979166667,11.75,19.25,35,0.350764702917504,17.6772916666667,5.88,16.905,41.25,0.645253266319491,16.72890625,5.75,16.5,38.25,0.576781491481471,0.355729166666667,0,0,3.1,0.0484358579822639,2025-08-24
"140","concave.rugged","concave","rugged",8,25,192,16.9477083333333,12.81,16.81,23.19,0.182100407020368,15.89875,8.94,13.56,32.75,0.443261652728084,15.0472395833333,8.62,13,29,0.379917906312893,0.7390625,0,0,7.7,0.128855995446256,2025-08-25
"141","concave.rugged","concave","rugged",8,26,192,13.8063541666667,10.38,13.25,21.25,0.18701359596634,11.7507291666667,5.19,10.56,27,0.361736192732417,11.1661979166667,5.12,10.25,24.25,0.323132325012047,3.44375,0,2.35,15.2,0.288140576488928,2025-08-26
"142","concave.rugged","concave","rugged",8,27,192,15.49203125,12.31,14.94,21.12,0.166444090128986,14.7779166666667,10.75,13.185,27.38,0.280838872802058,13.8766666666667,10.44,12.5,23.75,0.231168702200913,9.31979166666667,0,10.5,48.1,0.719473368665951,2025-08-27
"143","concave.rugged","concave","rugged",8,28,192,13.4192708333333,10.75,12.97,19.69,0.164329071987986,12.2875,6.88,10.41,27.75,0.338620820052642,11.2706770833333,6.38,9.815,23.88,0.282498736077033,25.5479166666667,22.7,24.8,47.7,0.270803252121909,2025-08-28
"144","concave.rugged","concave","rugged",8,29,192,13.985,8.12,12.91,24.38,0.317924241788165,14.3657291666667,3.38,9.56,34.88,0.710485327488067,12.7139583333333,2.88,9.03,29.56,0.59457169402559,21.984375,20.2,22.1,23.4,0.0412213743951416,2025-08-29
"145","concave.rugged","concave","rugged",8,30,192,14.0997395833333,6.75,12.91,26.75,0.394855804327676,14.1631770833333,1.75,8.405,37.88,0.85559402558452,12.5023958333333,1.38,8.375,31.38,0.72876454066054,19.0859375,18.3,19.1,20.2,0.0457366596821986,2025-08-30
"146","concave.rugged","concave","rugged",8,31,192,14.49671875,5.81,13.06,29.38,0.464015236193879,14.6109375,-0.12,8.5,41.19,0.976119399125707,12.9757291666667,-0.5,8.315,34.75,0.84685877419392,16.8963541666667,15.1,17.35,18.7,0.0797314030869661,2025-08-31
"147","concave.rugged","concave","rugged",9,1,192,15.4747916666667,6.62,14.44,29.12,0.440045344115209,15.91734375,1.44,10.56,44.5,0.941620577162567,14.5991666666667,1.25,10.435,37.62,0.833249539853509,15.4057291666667,13.2,16.1,17.6,0.0982370364107715,2025-09-01
"148","concave.rugged","concave","rugged",9,2,192,16.6950520833333,7.44,15.715,31.19,0.459756194147888,17.5941666666667,2.56,12.5,45.25,0.963426992728066,16.0652083333333,2.31,12.435,38.25,0.831327701948852,14.6072916666667,11.5,15.3,18.1,0.144306371866394,2025-09-02
"149","concave.rugged","concave","rugged",9,3,192,16.86734375,7.12,15.5,31.5,0.491694005251425,17.2269270833333,1.88,11.285,44.5,1.00753490729289,15.5921875,1.62,11.06,38.38,0.86977507074045,13.2223958333333,10.1,13.95,16.5,0.150976108681405,2025-09-03
"150","concave.rugged","concave","rugged",9,4,192,17.26265625,7.69,16.095,30.88,0.473185018311141,17.11265625,2.62,11.625,43.88,0.943187580836848,15.4989583333333,2.56,11.685,37,0.804650504460001,11.9432291666667,8.4,12.8,15.6,0.185011201809101,2025-09-04
"151","concave.rugged","concave","rugged",9,5,192,16.496875,8.25,15.75,29,0.401803733580949,15.6402604166667,2.38,11.06,41.88,0.839203791767539,14.0034375,2.06,10.75,34.88,0.714735499992135,10.8604166666667,7.1,11.35,14.5,0.20533349614902,2025-09-05
"152","concave.rugged","concave","rugged",9,6,192,15.7259375,7.25,14.94,27.75,0.401720715074804,14.3139583333333,0.5,9.655,39,0.838796608237605,12.91765625,0.12,9.125,33.62,0.741254799751972,9.9484375,5.9,10.45,14.1,0.219775211098137,2025-09-06
"153","concave.rugged","concave","rugged",9,7,192,15.5128645833333,9.12,15.06,23.88,0.270980044392507,14.1036458333333,2.88,12.09,36.44,0.607770810406374,12.8705208333333,2.5,11.72,29.5,0.512189902884078,10.8651041666667,5.3,11.8,47.5,0.448700014045711,2025-09-07
"154","concave.rugged","concave","rugged",9,8,192,13.8730729166667,8.06,12.53,25.69,0.327845863650096,14.5510416666667,3.56,9.12,38.25,0.728846838203916,12.9119270833333,3.12,8.56,31.38,0.600708791528066,20.6479166666667,17.6,20.7,23.7,0.121342562259286,2025-09-08
"155","concave.rugged","concave","rugged",9,9,192,13.9841145833333,8,13.185,24.88,0.314257147565504,13.8506770833333,3.06,9.935,33.31,0.627313262942988,12.8626041666667,2.75,10,28.12,0.531553408839061,17.315625,16.4,17.2,20,0.0471461760532974,2025-09-09
"156","concave.rugged","concave","rugged",9,10,192,13.8824479166667,7.81,12.44,24.5,0.342645570294225,14.585625,4.06,9.06,35.88,0.756401475191661,13.35609375,3.62,8.75,31.69,0.670667901721771,16.2265625,15.1,16.4,17.5,0.0473024882435755,2025-09-10
"157","concave.rugged","concave","rugged",9,11,192,14.28328125,7.56,13.815,25.19,0.324043019539933,14.5244791666667,3.19,13.44,38.25,0.674129001986799,13.5659895833333,3,13.905,31.19,0.593441131934632,14.5171875,12.8,14.9,16.1,0.0703071672400833,2025-09-11
"158","concave.rugged","concave","rugged",9,12,192,14.405625,9.25,14.03,22.25,0.264171056728652,14.7309895833333,7.12,11.785,34.88,0.485727915141208,13.8984375,7.12,11.94,27.81,0.385929971540564,13.4380208333333,11.7,13.85,18.2,0.0824658901266264,2025-09-12
"159","convex.gentle","convex","gentle",6,26,285,15.3395789473684,8.44,14.69,25.88,0.282438614410682,14.529298245614,-2.12,11.12,39.38,0.761282882135596,13.2808421052632,-3,11.12,33.62,0.682560682808873,5.70982456140351,1.2,5.5,10.8,0.170389330603604,2025-06-26
"160","convex.gentle","convex","gentle",6,27,288,16.4197569444444,8.94,15,27.69,0.334999503118946,16.7871875,-0.75,12.465,42.38,0.80619578466932,15.2896527777778,-1.69,12.62,35.12,0.705029295941567,5.57534722222222,1.6,5.3,10.6,0.160754418984268,2025-06-27
"161","convex.gentle","convex","gentle",6,28,288,17.4600694444444,10.12,16.155,29.12,0.33006245080458,17.7222222222222,1.12,14.405,42.44,0.785178985467718,16.0438888888889,0.44,14.875,34.62,0.671228579471767,5.61041666666667,1.8,5.4,10.8,0.157915149738822,2025-06-28
"162","convex.gentle","convex","gentle",6,29,288,18.1888888888889,10.12,16.88,30.12,0.356715953989689,18.0459027777778,0.38,14.065,42.44,0.813308928780046,16.2872916666667,-0.5,14.405,34.5,0.687625570902192,5.540625,1.7,5.4,10.6,0.15693398251535,2025-06-29
"163","convex.gentle","convex","gentle",6,30,288,18.3832986111111,10.12,16.845,30.62,0.373656221949923,18.0117361111111,-0.25,13.5,44.62,0.882854167722325,16.2793402777778,-1.19,14.25,38.5,0.767330434131455,5.42847222222222,1.5,5.3,10.7,0.15946803382091,2025-06-30
"164","convex.gentle","convex","gentle",7,1,288,18.9233333333333,11.56,17.91,30.5,0.316865023608188,18.7902777777778,2.25,16.13,42.25,0.753731084047776,17.6488888888889,1.5,16.185,37.12,0.685001263210257,5.26944444444444,1.7,4.85,10.2,0.150758306777493,2025-07-01
"165","convex.gentle","convex","gentle",7,2,288,16.1449305555556,10.75,15.62,25.12,0.223402916775083,14.5560416666667,4.12,12.19,36.56,0.478654029259986,14.0502083333333,3.62,12.655,32.5,0.440941787685763,7.65625,3.4,6.1,39.4,0.363361941162694,2025-07-02
"166","convex.gentle","convex","gentle",7,3,288,14.9870138888889,11.25,14.75,21.88,0.159751292980946,14.6250694444444,6.5,14,30.12,0.345124639409146,13.9479513888889,6.25,13.56,26.88,0.303961684770706,11.6965277777778,4.1,5.6,26.3,0.541616817680516,2025-07-03
"167","convex.gentle","convex","gentle",7,4,288,15.2454861111111,10.38,14.88,22.12,0.18944715284676,14.6777083333333,4.62,12.155,29.69,0.402130954638444,13.9701388888889,4.19,12.315,28.5,0.363898173919511,12.2961805555556,4.3,7.3,25.9,0.485437440656141,2025-07-04
"168","convex.gentle","convex","gentle",7,5,288,14.8455555555556,9.12,13.75,25,0.266874331867575,15.2621875,4.12,11.03,34.94,0.557971836379784,14.1404513888889,3.25,10.97,30.88,0.499543081989088,20.9659722222222,8.1,21.5,28.1,0.252756448576417,2025-07-05
"169","convex.gentle","convex","gentle",7,6,288,16.1422916666667,8.56,14.56,28.81,0.359578877599597,16.7588541666667,1.88,13.56,40.88,0.740069863949588,15.0347222222222,0.88,13.285,34,0.63804656659241,19.2197916666667,16,18.05,24.3,0.163339954722948,2025-07-06
"170","convex.gentle","convex","gentle",7,7,288,17.3076388888889,8.75,15.815,29.38,0.376836293081423,17.4769097222222,0.69,13,43,0.833186625803132,15.5692013888889,-0.62,12.5,36.44,0.724955694678642,17.0295138888889,13.9,16.3,21.5,0.140668200850967,2025-07-07
"171","convex.gentle","convex","gentle",7,8,288,17.7477777777778,10.31,17.06,27.88,0.304130866303923,18.0921527777778,2.06,14.565,40.62,0.745053322237497,16.8602083333333,1,14.28,36.12,0.678376035136967,15.1815972222222,12.3,14.4,19.6,0.132139896332781,2025-07-08
"172","convex.gentle","convex","gentle",7,9,288,18.0497569444444,9.75,16.5,30.12,0.367904228868815,19.4571527777778,0.88,14.25,45.31,0.892620074273324,18.0003125,-0.19,14.44,38.69,0.786917089045215,13.6434027777778,10.9,13.3,18.1,0.125988516105434,2025-07-09
"173","convex.gentle","convex","gentle",7,10,288,19.5760763888889,12.5,17.88,30.31,0.332930924826109,20.4666319444444,5.25,15.5,41.75,0.739542284959459,18.5507638888889,4.38,16.375,35,0.609218683301592,11.6097222222222,9.6,11.6,16.4,0.0896983250148768,2025-07-10
"174","convex.gentle","convex","gentle",7,11,288,18.8922569444444,10.81,17.62,30.25,0.355468067961973,18.0886805555556,0.56,14.56,43.38,0.851060512574362,16.0233333333333,-0.62,14.12,35.69,0.729686481381635,9.96076388888889,7.7,10.2,13,0.0866895736015642,2025-07-11
"175","convex.gentle","convex","gentle",7,12,288,19.3090972222222,11.56,17.97,31.31,0.34661790866739,19.0493055555556,2.31,15.595,44,0.817800723814402,16.9789930555556,1.38,15.25,36.88,0.689992642840241,8.82222222222222,6.6,9.1,12.2,0.0900768707624936,2025-07-12
"176","convex.gentle","convex","gentle",7,13,288,19.9178819444444,11.75,18.375,32.62,0.372270333780329,20.2739930555556,2.38,15.72,46.25,0.886989063992179,18.2486805555556,1.5,15.345,39,0.755180845237347,6.85277777777778,1.3,7.6,11.3,0.1656026495441,2025-07-13
"177","convex.gentle","convex","gentle",7,14,288,20.3206944444444,12,18.81,33.12,0.375429139874449,20.2881597222222,2.06,16,46,0.873546195088558,18.3201041666667,1.19,15.595,38.56,0.746138107721726,5.67395833333333,0.5,6.15,10.5,0.172264257587773,2025-07-14
"178","convex.gentle","convex","gentle",7,15,288,19.7056597222222,12.75,19.19,31.12,0.283469003067218,18.1272916666667,3.69,15.22,43.19,0.644057457686454,17.0477430555556,2.94,15.47,37,0.561915705405142,4.809375,0,5.25,9.4,0.161498135853022,2025-07-15
"179","convex.gentle","convex","gentle",7,16,288,17.2863888888889,10.44,15.59,30.38,0.348044424136667,17.0764930555556,2.19,11.41,42.44,0.783599495441097,15.4436111111111,1.5,11.91,35.38,0.659037530468166,5.44583333333333,1,6,9.7,0.149747941208701,2025-07-16
"180","convex.gentle","convex","gentle",7,17,288,18.6617013888889,11,17.345,29.5,0.351328197626847,18.1006944444444,1,13.63,43.38,0.8324614185765,16.4015625,0.12,14.06,36.62,0.720773268234505,4.75173611111111,0.1,5.4,9.3,0.156340967787635,2025-07-17
"181","convex.gentle","convex","gentle",7,18,288,18.4635763888889,12,17.655,28.88,0.273736207910974,17.0602083333333,2.75,15.28,41.06,0.628813087488681,16.1919791666667,2.12,15.315,36.5,0.567003021245792,4.31180555555556,0,4.95,8.6,0.143545808077212,2025-07-18
"182","convex.gentle","convex","gentle",7,19,288,16.1294444444444,10.38,15.62,26,0.233168244420307,14.4896527777778,3.38,11.53,36.88,0.512221922109281,13.7973263888889,2.88,11.75,31.62,0.451531605497507,5.25,1.6,4.9,13,0.154435016158991,2025-07-19
"183","convex.gentle","convex","gentle",7,20,288,16.0152777777778,8.62,14.655,27.12,0.324013347508029,16.41,1.5,11.715,40.56,0.721173286603767,15.3651388888889,0.88,12.435,35.5,0.638222262795033,7.12638888888889,2.6,5.4,14.1,0.237317676732797,2025-07-20
"184","convex.gentle","convex","gentle",7,21,288,18.1565625,10.94,16.44,29.5,0.334328969958977,19.0018402777778,4.19,13.88,43.75,0.731971802903632,17.8210416666667,3.56,14.06,37.12,0.640294858181764,6.48715277777778,1.8,5.1,13.4,0.224946827321312,2025-07-21
"185","convex.gentle","convex","gentle",7,22,288,19.3457986111111,13.25,18.5,29.25,0.254979104994376,19.6883680555556,7.5,15.56,37.38,0.521444346973145,18.54125,6.81,16,32.5,0.448980236624513,5.75590277777778,1.5,4.25,11.9,0.193671968453531,2025-07-22
"186","convex.gentle","convex","gentle",7,23,288,17.7371875,11.38,16.09,28.62,0.312284618419032,16.8062847222222,2.06,11.53,43,0.71596291991198,15.1739583333333,1.19,11.53,35.5,0.61062924591891,4.93263888888889,0.7,4.3,10.2,0.16274915361404,2025-07-23
"187","convex.gentle","convex","gentle",7,24,288,17.1203472222222,10.62,16.78,26.81,0.266185672600328,14.5763194444444,0.75,12.595,40.5,0.63078944887811,13.6973263888889,-0.25,13.03,35.5,0.580862962646826,4.16215277777778,0.3,3.9,8.4,0.139725784751704,2025-07-24
"188","convex.gentle","convex","gentle",7,25,288,15.9955555555556,9.31,14.47,28.69,0.343081729280946,16.5669791666667,0.25,12.935,43.38,0.800382833352221,15.4499652777778,-0.19,13.5,37.62,0.695944891323482,4.97430555555556,0.6,5.75,8.8,0.138074892793817,2025-07-25
"189","convex.gentle","convex","gentle",7,26,288,16.8086458333333,10.56,16.03,27.62,0.275263467301657,15.6738541666667,0.75,13,37,0.665084910537285,14.7447916666667,-0.12,12.655,34,0.612380120802113,4.14618055555556,0,4.95,7.9,0.137972597820582,2025-07-26
"190","convex.gentle","convex","gentle",7,27,288,16.9284027777778,9.5,15.09,30.75,0.371675189633651,17.0913194444444,-0.88,10.62,44,0.883789011897059,15.6530208333333,-1.75,10.94,37.25,0.771640661381054,3.97638888888889,0,4.45,8.3,0.145030745053582,2025-07-27
"191","convex.gentle","convex","gentle",7,28,288,18.4588194444444,9.75,16.72,31.94,0.401517799414725,18.2105208333333,-1.12,12.41,46.25,0.948174663183046,16.7386111111111,-1.94,12.78,39.5,0.837149114096778,3.73541666666667,0,4.2,8.1,0.141330592605814,2025-07-28
"192","convex.gentle","convex","gentle",7,29,288,18.1143055555556,11.5,17.59,31.12,0.279874591273976,17.3010416666667,2.38,13.69,40.5,0.673148799037994,16.5885763888889,1.62,13.69,36,0.62078580908765,3.27013888888889,0,3.8,7.5,0.127198208986953,2025-07-29
"193","convex.gentle","convex","gentle",7,30,288,17.2511458333333,10.75,16.38,27.25,0.272736862862628,16.5626388888889,1.94,13,40,0.651298611149424,16.0087152777778,1.12,13.22,36.69,0.594769947106272,3.16215277777778,0,3.45,7.2,0.124794520683161,2025-07-30
"194","convex.gentle","convex","gentle",7,31,288,17.6548263888889,11.38,15.28,30.69,0.341614854562015,20.0023263888889,3.75,14.25,44.5,0.733497264017152,19.165625,3.38,15.94,38,0.600591541694716,3.82916666666667,0,4.4,7.8,0.138044447035498,2025-07-31
"195","convex.gentle","convex","gentle",8,1,288,17.99125,12.12,17.41,29.75,0.260758978271741,17.0815625,3.75,13.97,39,0.602434123190654,16.276875,2.88,14.625,35.56,0.541361901526207,3.21944444444444,0,3.85,7.1,0.123803365913948,2025-08-01
"196","convex.gentle","convex","gentle",8,2,288,16.7744097222222,10.12,15.5,28.81,0.311225879156624,15.8297569444444,0.5,10.905,44.5,0.747251155974893,14.6280208333333,-0.25,11.25,38.38,0.66197818889962,3.096875,0,3.35,7.3,0.124252857486825,2025-08-02
"197","convex.gentle","convex","gentle",8,3,288,17.3896180555556,9.69,15.62,30.12,0.36210632931902,16.654375,-0.25,12.13,42.88,0.819762942286616,15.0296527777778,-1,11.97,35.88,0.698467355289648,3.10347222222222,0,3.25,7.4,0.125927478980834,2025-08-03
"198","convex.gentle","convex","gentle",8,4,288,19.2944097222222,11.62,17.28,30.88,0.349273104815756,19.6439236111111,3,12.47,45.69,0.77193906995851,18.1967013888889,2.31,12.595,39,0.673132394019936,3.178125,0,3.15,7.4,0.125339849058669,2025-08-04
"199","convex.gentle","convex","gentle",8,5,288,18.7772916666667,10.62,17.28,30.88,0.371512227609022,17.3638541666667,0.38,14.285,43.38,0.804938529256831,15.6262152777778,-0.44,14.465,35.75,0.684556193273489,2.90138888888889,0,3.05,7.1,0.12112956022217,2025-08-05
"200","convex.gentle","convex","gentle",8,6,288,19.0620486111111,10.62,17.06,32.62,0.392916376326827,18.6253819444444,0.75,12.13,45.12,0.887803465413696,17.1968055555556,0,12.56,38.75,0.775149911670763,2.90694444444444,0,2.85,7.2,0.123293918070391,2025-08-06
"201","convex.gentle","convex","gentle",8,7,288,19.1245138888889,10.81,17.72,31.5,0.369551408421382,17.8902083333333,0.06,13.28,43.75,0.813338277676127,16.6547916666667,-0.75,13.785,36.62,0.716326385090295,2.696875,0,2.7,6.9,0.11688357074166,2025-08-07
"202","convex.gentle","convex","gentle",8,8,288,19.5054166666667,13.25,17.44,31.19,0.316179089110625,18.9572222222222,6.69,14.06,39.31,0.572597834711012,17.3171180555556,6.69,14.5,31.38,0.418564520810735,2.65208333333333,0,2.6,6.3,0.110570505108206,2025-08-08
"203","convex.gentle","convex","gentle",8,9,288,16.5988541666667,9.12,15.56,29.25,0.31976117143743,12.5064930555556,-3.25,8.84,38.44,0.730072135312135,10.9275347222222,-4.25,8.315,31.38,0.643917546949389,2.09791666666667,0,2.1,6.1,0.103721099902771,2025-08-09
"204","convex.gentle","convex","gentle",8,10,288,16.3536805555556,8.5,14.94,30.25,0.35955681889377,13.6583680555556,-2.62,9.06,40,0.829514747943679,11.8652430555556,-3.69,8.97,33,0.7252184178362,2.203125,0,2,6.4,0.107824409188956,2025-08-10
"205","convex.gentle","convex","gentle",8,11,288,17.6681944444444,9.44,15.62,31.12,0.395204734407658,16.3586805555556,-0.62,10.375,44,0.866076545568695,14.5605208333333,-1.38,10.22,37.12,0.738360486265693,2.38229166666667,0,2.25,6.6,0.112972439388173,2025-08-11
"206","convex.gentle","convex","gentle",8,12,288,19.1561111111111,10.81,17.315,32.62,0.39184733774409,18.8823958333333,1.88,13.06,45.38,0.867326564685011,17.2515277777778,1.12,13.87,38.75,0.746520300226351,2.509375,0,2.3,6.8,0.116440624698962,2025-08-12
"207","convex.gentle","convex","gentle",8,13,288,19.3840972222222,11.69,18.06,31,0.342847054604978,18.9759722222222,2.94,14.655,43.88,0.761864310834627,17.9594791666667,2.38,14.75,37.5,0.677649210256804,2.41041666666667,0,2.3,6.3,0.11052180364749,2025-08-13
"208","convex.gentle","convex","gentle",8,14,288,18.6204513888889,12.19,17.5,30,0.295667103379136,18.6989930555556,4.62,14.19,43,0.694830743768088,17.7920138888889,4.12,14.28,36.38,0.599931568235358,2.35659722222222,0,2.15,6.4,0.107427614376362,2025-08-14
"209","convex.gentle","convex","gentle",8,15,288,18.3089930555556,12.12,18.59,29.12,0.238480209447105,17.3258333333333,3.56,17.22,40.62,0.527521448593597,16.9785416666667,3.12,17.655,36,0.485602050924349,2.15416666666667,0,2.5,5.7,0.0999428190175299,2025-08-15
"210","convex.gentle","convex","gentle",8,16,288,16.7497569444444,12.06,15.62,27.25,0.237164674615607,17.1835763888889,6.62,13.28,40.38,0.55506257883133,16.4731597222222,6.38,13.06,35.19,0.471488079700239,2.48055555555556,0,2.6,6.1,0.10486675951949,2025-08-16
"211","convex.gentle","convex","gentle",8,17,288,15.6205555555556,11.12,15.28,24.81,0.184725258970378,13.0589236111111,3.19,12.5,30.94,0.382775081537279,12.8227777777778,2.56,12.41,28.75,0.362847780921757,2.32222222222222,0,2.55,5.4,0.10081439682728,2025-08-17
"212","convex.gentle","convex","gentle",8,18,288,14.40375,8,12.59,27.38,0.333244739061368,14.8187152777778,0.5,8.405,43.88,0.783494347877124,14.090625,0,8.845,37.5,0.69692544096272,3.05138888888889,0,3.2,7.1,0.110626331872118,2025-08-18
"213","convex.gentle","convex","gentle",8,19,288,16.9523263888889,8.75,14.88,30.94,0.403540892479688,17.6406597222222,-0.75,10.41,46.31,0.948946475905735,16.5044444444444,-1.38,10.94,39.88,0.834375677315182,2.984375,0,3,7.2,0.12169158772084,2025-08-19
"214","convex.gentle","convex","gentle",8,20,288,19.0426041666667,12.62,17,31.06,0.335849946612332,20.4312847222222,4.5,13.19,47,0.772665565983449,19.5246875,4.12,13.715,41.12,0.673351643841802,2.83541666666667,0,2.8,6.8,0.114381487300393,2025-08-20
"215","convex.gentle","convex","gentle",8,21,288,19.1756597222222,13.44,18.12,30.12,0.241873376558089,19.2926388888889,6.75,16.5,39.62,0.528373329539188,18.6084722222222,6.38,16.565,35.25,0.471142479780377,2.73541666666667,0,3.1,6.2,0.106365511894581,2025-08-21
"216","convex.gentle","convex","gentle",8,22,288,17.8594097222222,10.25,16.315,31.25,0.362814893862342,18.1220138888889,0.88,12.28,45.62,0.859286127241735,16.8095833333333,0.19,12.345,39.38,0.750689271845494,2.75833333333333,0,2.85,7,0.115685688287886,2025-08-22
"217","convex.gentle","convex","gentle",8,23,288,18.6600694444444,11.38,17.38,30.44,0.334210105591208,18.5173263888889,2.88,13,46,0.773881441187232,17.5462847222222,2.5,13.53,39,0.677216803378879,2.55902777777778,0,2.55,6.4,0.108254937225172,2025-08-23
"218","convex.gentle","convex","gentle",8,24,288,17.8352430555556,11.88,17.62,28.56,0.230873460931674,16.3510763888889,4.38,14.875,37.06,0.497773181600171,15.9300694444444,3.81,15.09,33.88,0.463682101501706,2.20798611111111,0,2.4,5.9,0.0983612600322464,2025-08-24
"219","convex.gentle","convex","gentle",8,25,288,16.0707986111111,12.5,15.75,21.75,0.130942566508976,15.2701736111111,8.69,13.38,29.81,0.318772593031513,14.8256944444444,8.12,13.12,27.88,0.290863442301118,2.53020833333333,0,2.5,6.5,0.103420216760342,2025-08-25
"220","convex.gentle","convex","gentle",8,26,288,13.4629166666667,10.12,12.845,20.44,0.148859385664936,11.5573958333333,5,10.44,27.75,0.309802491212852,11.1578819444444,4.38,10.25,23.88,0.279740322937236,4.58125,1.2,4.4,11,0.138331774388456,2025-08-26
"221","convex.gentle","convex","gentle",8,27,288,15.1628125,12.25,14.5,20.06,0.12675034781473,14.4412152777778,10.88,12.91,24.75,0.210195644796289,13.8401736111111,10.62,12.5,22.88,0.185030586357024,14.6861111111111,5.6,10.8,46.4,0.597433337434919,2025-08-27
"222","convex.gentle","convex","gentle",8,28,288,13.3572569444444,10.88,12.75,18.69,0.122618947056489,12.2144444444444,6.75,10.28,25.56,0.268807299735525,11.3865625,6.38,9.75,23.56,0.234401624100784,33.5024305555556,26.6,34.2,47,0.264443593207001,2025-08-28
"223","convex.gentle","convex","gentle",8,29,288,13.5469791666667,8.75,12.62,22.31,0.221739099442305,13.4795138888889,3.44,8.97,32.12,0.529309254614194,12.5047916666667,2.31,8.94,28.38,0.482579466198098,29.8451388888889,24.5,31.3,33.7,0.181650536131773,2025-08-29
"224","convex.gentle","convex","gentle",8,30,288,13.4422222222222,7.88,12.28,23.81,0.271656855209668,13.1123958333333,1.56,7.75,35,0.64486351677773,12.1280208333333,0.44,7.81,30.25,0.591897811214304,27.2548611111111,22.7,28.6,30.9,0.16549286111345,2025-08-30
"225","convex.gentle","convex","gentle",8,31,288,13.6428472222222,7.25,12.25,24.81,0.310540641537353,13.4960416666667,-0.12,7.72,37.94,0.754794230454166,12.5541319444444,-1.5,7.81,34.25,0.698531510446902,24.9916666666667,21,26,28.3,0.14796905510897,2025-08-31
"226","convex.gentle","convex","gentle",9,1,288,14.2303125,8,13.44,23.38,0.268764358300574,14.3362847222222,0.75,9.06,39.75,0.700115504724494,13.8272569444444,-0.38,9.065,36.25,0.668944878120415,23.3302083333333,19.5,24.4,26.6,0.145776585420639,2025-09-01
"227","convex.gentle","convex","gentle",9,2,288,15.2603125,8.38,14,25.12,0.298584034027199,16.4311111111111,1.75,11.47,40.31,0.749230231862268,15.6416666666667,0.75,12.25,36.44,0.682589973776096,22.4902777777778,18.4,23.3,25.8,0.157481846756697,2025-09-02
"228","convex.gentle","convex","gentle",9,3,288,15.7023958333333,8.69,14.25,25.75,0.317008500452609,16.0346180555556,1.19,9.81,41.38,0.791123263576247,14.9611111111111,0.06,10.125,36.62,0.713333962936453,21.409375,17.3,22.35,25,0.156076304442755,2025-09-03
"229","convex.gentle","convex","gentle",9,4,288,15.8805902777778,9.31,14.685,25.5,0.287296158098316,15.3357638888889,1.5,10.315,40,0.705229366276364,14.4699652777778,0.62,10.565,35.69,0.637454486806978,20.1881944444444,15.5,21.4,23.9,0.166101679604308,2025-09-04
"230","convex.gentle","convex","gentle",9,5,288,14.9949305555556,9.12,13.88,24.19,0.254958330844729,14.0374305555556,1.31,9.345,37.62,0.642471084785729,13.0026041666667,0.38,9.62,32.69,0.573995644275839,19.0402777777778,14.4,20.55,22.4,0.174533862131142,2025-09-05
"231","convex.gentle","convex","gentle",9,6,288,14.4543055555556,8.38,13.5,22.75,0.250913335052583,12.7772916666667,-0.31,8.125,37.12,0.634637785778909,12.0481944444444,-1.44,8.125,32.75,0.588168500699212,17.9059027777778,13.3,19.3,21.5,0.169521141192593,2025-09-06
"232","convex.gentle","convex","gentle",9,7,288,14.1788194444444,9.38,13.94,21.44,0.165310342017466,12.8796180555556,2.06,11.685,35.25,0.431385459152038,12.3057638888889,1.38,11.47,30.56,0.393855607483715,18.1847222222222,12.4,18.6,45.7,0.326794769914778,2025-09-07
"233","convex.gentle","convex","gentle",9,8,288,13.1205208333333,8.5,11.685,22.5,0.22758096259327,13.8477083333333,3.62,9.12,34.81,0.532945269854085,13.1266319444444,3,8.88,30.38,0.480393418198943,28.375,21.1,30.4,35.9,0.284261392551632,2025-09-08
"234","convex.gentle","convex","gentle",9,9,288,13.1797916666667,9,12.38,21.19,0.188044138410285,12.6927083333333,3.38,9.53,30.38,0.423532912927781,12.4135763888889,2.44,9.97,28.38,0.408282164780923,25.428125,19.6,26.8,30.7,0.230094657556564,2025-09-09
"235","convex.gentle","convex","gentle",9,10,288,12.7610069444444,8.25,11.44,21.25,0.222326967522244,13.2678472222222,4.19,8.41,33.88,0.552124323147745,12.8149305555556,3.25,8.44,31.25,0.534997607448345,24.4989583333333,19.5,24.8,29.1,0.189594211551826,2025-09-10
"236","convex.gentle","convex","gentle",9,11,288,13.0314236111111,8,12.22,20.62,0.216013934489255,13.3722569444444,2.88,12.03,34,0.525974302795531,13.1213888888889,2.31,13.06,30.5,0.497327617426312,22.4177083333333,18.1,22.75,27,0.17374904388073,2025-09-11
"237","convex.gentle","convex","gentle",9,12,288,13.3423958333333,10,12.5,18.81,0.148867281056912,13.7199652777778,7.12,11.25,30.12,0.328041529990384,13.5448958333333,6.31,12.12,26.75,0.293635391413124,20.5236111111111,16.6,21.6,24.9,0.142447608586391,2025-09-12
"238","convex.rugged","convex","rugged",6,26,286,15.8663636363636,9.5,15.12,24.44,0.25962056763387,15.0543006993007,0,11.69,44.12,0.744188606967367,13.7083216783217,-1.56,12.215,36.62,0.66555655329486,3.00699300699301,0,3.5,7.7,0.140088042753698,2025-06-26
"239","convex.rugged","convex","rugged",6,27,288,16.721875,9.88,15.72,26.62,0.283038036736741,16.9843402777778,1.44,12.13,42.44,0.76547567627521,15.4153472222222,0.12,12,35.25,0.670555391859647,3.09201388888889,0,3.5,7.4,0.143782099377964,2025-06-27
"240","convex.rugged","convex","rugged",6,28,288,17.9282638888889,10.75,16.785,28.56,0.296721702162106,18.6324305555556,2.62,14.655,44.25,0.800419309895592,16.6221875,1.44,14.91,36.69,0.673376042592942,3.134375,0,3.6,7.7,0.147239146078648,2025-06-28
"241","convex.rugged","convex","rugged",6,29,288,18.895625,11,17.685,29.75,0.322766250185423,18.9737847222222,1.75,14.12,44.88,0.834268628550183,16.8771527777778,0.75,14.435,36.12,0.694137911235327,3.08645833333333,0,3.5,7.5,0.146709339570521,2025-06-29
"242","convex.rugged","convex","rugged",6,30,288,19.0739583333333,11.44,17.62,30.25,0.33150335889508,19.0013888888889,1.81,13.44,47.31,0.89256189147628,16.9501041666667,0.12,13.94,38.88,0.763029747631984,2.98298611111111,0,3.3,7.6,0.145043557141166,2025-06-30
"243","convex.rugged","convex","rugged",7,1,288,19.8775347222222,12.5,18.845,30.12,0.289379144492127,19.7808680555556,4.38,16.315,47.06,0.749512823148994,18.2392708333333,2.94,16.06,39.81,0.669010842578323,2.91770833333333,0,3.3,7.4,0.137618938435715,2025-07-01
"244","convex.rugged","convex","rugged",7,2,288,16.6467013888889,11.25,16.38,26.25,0.213379110214093,14.9446180555556,5.12,12.655,38.19,0.480444583835314,14.3152777777778,4.75,12.28,33.62,0.450205844779322,4.47916666666667,0,6.2,8.4,0.189310206123363,2025-07-02
"245","convex.rugged","convex","rugged",7,3,288,15.8201388888889,12.38,15.41,21.62,0.143556887930046,15.1926388888889,7.62,14.25,33.94,0.359503646147917,14.313125,6.88,13.845,29.25,0.312853566680666,4.08194444444444,0,5.7,9,0.175148093935454,2025-07-03
"246","convex.rugged","convex","rugged",7,4,288,15.9301388888889,11.75,15.315,22.62,0.178811832761634,15.0909027777778,5.5,12.315,38.12,0.445592505066024,14.1426388888889,4.88,12,32,0.391312910065054,4.55694444444444,0,5.35,11.5,0.197869817216574,2025-07-04
"247","convex.rugged","convex","rugged",7,5,288,14.5541666666667,9.56,13.62,22.5,0.22652410522453,14.3185763888889,4.69,10.78,32.62,0.506854490938482,13.5172222222222,4.06,10.31,30.38,0.469734922512288,10.3392361111111,0.9,10.5,16.1,0.103108541691886,2025-07-05
"248","convex.rugged","convex","rugged",7,6,288,15.6867708333333,8.88,14.25,29.12,0.329647135647776,16.6576041666667,2.69,11.375,44.75,0.757953728543368,15.0662152777778,2,11.59,35.62,0.645154326046513,9.42951388888889,7.6,9.3,11.9,0.0556195453619794,2025-07-06
"249","convex.rugged","convex","rugged",7,7,288,17.6382986111111,9.75,16.25,30,0.348703548254705,18.0339930555556,1.5,12.19,45.5,0.846947308496783,15.9365625,0.56,11.875,37.75,0.72864500915864,8.83402777777778,6.5,9,11.4,0.0769795011027814,2025-07-07
"250","convex.rugged","convex","rugged",7,8,288,18.0972916666667,11.25,17.25,29.62,0.283487939634246,18.3515625,3.44,14.125,44.19,0.719460689449615,17.1127083333333,2.25,14.06,36.94,0.658764379529499,7.39236111111111,4,7.9,10.6,0.111902000060989,2025-07-08
"251","convex.rugged","convex","rugged",7,9,288,18.2065972222222,10.94,16.81,30.5,0.320169998180911,20.2275694444444,3,13.72,49.75,0.900476094787001,18.5709027777778,1.38,14.315,41.06,0.786171772890943,6.41145833333333,1.5,7.1,10.3,0.155442004450938,2025-07-09
"252","convex.rugged","convex","rugged",7,10,288,20.1078125,13.25,18.5,31,0.303206220771595,21.3826388888889,6.38,15.25,46.62,0.772259330101814,19.1818055555556,5.44,15.25,38.12,0.627002012884903,5.40069444444444,0,6.6,9.9,0.184775497245694,2025-07-10
"253","convex.rugged","convex","rugged",7,11,288,19.2919097222222,11.75,18.09,30.5,0.312774189616322,18.6539930555556,1.81,13.44,46.31,0.843377763476064,16.4669444444444,0.75,13,37.19,0.720183803275441,4.54479166666667,0,5.7,9.2,0.182270842513908,2025-07-11
"254","convex.rugged","convex","rugged",7,12,288,19.6553125,12.25,18.44,30.81,0.309157215574175,19.8025347222222,3.75,14.72,47.88,0.835525021861731,17.5442708333333,2.69,14.5,38.75,0.697282791494457,4.15069444444444,0,5.15,9,0.178732791146285,2025-07-12
"255","convex.rugged","convex","rugged",7,13,288,20.2783333333333,12.5,18.97,32.12,0.329237308463899,20.8316319444444,4.25,14.72,51,0.889813297210756,18.6865277777778,2.88,14.315,41.75,0.754456967052958,3.846875,0,4.45,8.9,0.174100933818726,2025-07-13
"256","convex.rugged","convex","rugged",7,14,288,20.8933333333333,13,19.62,32.19,0.33280163750565,21.225625,4.12,15.5,50,0.880388557341991,19.1044444444444,2.62,15.345,40.75,0.750333450450513,3.51527777777778,0,3.9,8.7,0.165380226042638,2025-07-14
"257","convex.rugged","convex","rugged",7,15,288,20.1488194444444,13.44,19.59,31.12,0.255410855814215,18.3051736111111,5.81,15.5,44.25,0.592802197454843,17.2422222222222,4.25,15.25,37.25,0.534798720211971,3.07881944444444,0,3.5,7.9,0.143461540798191,2025-07-15
"258","convex.rugged","convex","rugged",7,16,288,17.0836111111111,10.75,15.78,29.25,0.287811619829803,16.7845486111111,3.25,11.09,45,0.779959607120981,15.2235069444444,2.19,10.97,37.25,0.660928635938078,4.09791666666667,0,4.7,9.1,0.182537032064491,2025-07-16
"259","convex.rugged","convex","rugged",7,17,288,18.8388888888889,11.62,17.69,28.88,0.298845983493389,18.5245833333333,3.06,13.845,44.5,0.79164088036432,16.8934722222222,1.62,13.685,37.62,0.702822590065302,3.41388888888889,0,3.35,8.9,0.166830800584223,2025-07-17
"260","convex.rugged","convex","rugged",7,18,288,19.2519097222222,12.75,18.59,28.25,0.247825889344132,18.4293402777778,5,15.62,43.25,0.628707254860578,17.1935416666667,3.44,15.375,37.12,0.567631746637465,3.21284722222222,0,3.25,8.4,0.1558815328391,2025-07-18
"261","convex.rugged","convex","rugged",7,19,288,16.9530902777778,11.94,16.59,24.31,0.194276758854053,15.1888194444444,5.69,12.125,39.62,0.510037970737206,14.3800347222222,4.81,11.75,33.62,0.460491317959047,3.06944444444444,0,3,8,0.147547832388407,2025-07-19
"262","convex.rugged","convex","rugged",7,20,288,16.6222222222222,10.75,15.97,25.25,0.236946799991378,16.8216666666667,2.62,11.97,44.94,0.699000243559005,15.7103819444444,1.38,12.345,36.94,0.633028615585614,3.26111111111111,0,3.25,8.5,0.157109259284852,2025-07-20
"263","convex.rugged","convex","rugged",7,21,288,18.7363888888889,12.5,17.22,28.62,0.271898491603595,20.1178125,6.38,14.565,47.25,0.742564498205247,18.6736458333333,5.12,14.38,39,0.64987145524442,3.35659722222222,0,3.25,8.6,0.16204866240006,2025-07-21
"264","convex.rugged","convex","rugged",7,22,288,20.46,14.62,19.72,28.56,0.225188418548198,20.8371875,9.06,16.38,46.88,0.538232417262016,19.3495138888889,8.38,16.41,38.56,0.46494791611666,3.25868055555556,0,3.3,8.5,0.154394991272645,2025-07-22
"265","convex.rugged","convex","rugged",7,23,288,18.0059722222222,12.19,17,27.75,0.256261141504901,16.6572916666667,3.75,11.53,42.62,0.667014438975594,15.1625,2.38,11.685,35.81,0.581560382267393,3.01076388888889,0,2.65,8.2,0.149735079967153,2025-07-23
"266","convex.rugged","convex","rugged",7,24,288,17.3540277777778,11.12,17,27.06,0.232251492994309,14.5369444444444,2.25,12.53,38.12,0.567451607911904,13.7658333333333,0.94,12.37,32.62,0.547355004073164,3.00798611111111,0,2.7,10.4,0.152691193778414,2025-07-24
"267","convex.rugged","convex","rugged",7,25,288,15.2878125,9.25,14.12,27.69,0.286238705994431,15.9292708333333,2,11.12,45.5,0.762194270077316,15.1291319444444,1.19,12,38.88,0.678430182210714,4.90902777777778,0,5.05,10.3,0.210769052044348,2025-07-25
"268","convex.rugged","convex","rugged",7,26,288,17.1188194444444,10.62,16.41,27.06,0.252991853686986,16.8297222222222,2.88,13.94,45.81,0.657096615999988,15.6457291666667,1.38,13.75,38,0.60629630314449,3.93159722222222,0,4.2,10,0.184934620333464,2025-07-26
"269","convex.rugged","convex","rugged",7,27,288,17.2908680555556,10.38,16,29.75,0.314452631334515,18.4479513888889,1.62,11.815,48.94,0.893593994282517,16.8645486111111,0.06,11.81,40.75,0.783242617913357,3.79027777777778,0,3.8,9.5,0.18268192721078,2025-07-27
"270","convex.rugged","convex","rugged",7,28,288,18.9452777777778,10.88,17.62,30.81,0.342718025225381,19.5447222222222,1,13.435,49.25,0.952006981640146,17.9207986111111,-0.75,13.47,42.69,0.845531891013268,3.56527777777778,0,3.6,9,0.174258452444569,2025-07-28
"271","convex.rugged","convex","rugged",7,29,288,19.1673611111111,12.5,18.25,30.38,0.260819946613459,18.5634375,4.25,14,48.25,0.689888353989767,17.5745833333333,2.94,14,41.75,0.641230587656019,3.22256944444444,0,3.25,8.8,0.155298381618024,2025-07-29
"272","convex.rugged","convex","rugged",7,30,288,18.0738888888889,12.25,17.685,25.62,0.232179942506327,17.3528819444444,4,13.715,44.62,0.638130630101834,16.6092361111111,3.25,13.91,38.88,0.600308347983789,3.06458333333333,0,3.1,8.1,0.147695664348432,2025-07-30
"273","convex.rugged","convex","rugged",7,31,288,17.8116319444444,11.69,16.155,30.06,0.283532171573861,20.0961458333333,5.25,13.53,47.62,0.770414613193986,19.2334027777778,4.5,14.75,40.38,0.637655157358381,3.93368055555556,0,3.7,9.4,0.189086663186397,2025-07-31
"274","convex.rugged","convex","rugged",8,1,288,18.7132638888889,12.75,18,29.75,0.24321587651976,17.4657638888889,5.81,13.935,46.62,0.58169438573912,16.5602430555556,4.81,14.375,40.38,0.537019846073474,3.05659722222222,0,2.7,9,0.155066217032286,2025-08-01
"275","convex.rugged","convex","rugged",8,2,288,17.1802430555556,11,16.12,27.12,0.256800562269189,16.3206597222222,2.38,11.44,46.38,0.725198053356665,15.0732291666667,0.88,11.5,37.75,0.646491254714641,2.68333333333333,0,1.55,8.1,0.155604891656382,2025-08-02
"276","convex.rugged","convex","rugged",8,3,288,17.2812152777778,10.44,16.28,28.5,0.289076755600135,16.9209722222222,1.94,11.94,46.25,0.789459651547824,15.3339583333333,0.88,12.06,38.56,0.6777800510586,2.66354166666667,0,1.65,8.3,0.154423546365934,2025-08-03
"277","convex.rugged","convex","rugged",8,4,288,19.5045833333333,12.75,18.315,29.62,0.282767551647311,20.5668402777778,4.69,13.155,47,0.780753327020798,18.9787847222222,3.5,12.97,41.38,0.686285991049646,2.80972222222222,0,1.8,8.1,0.156609015643107,2025-08-04
"278","convex.rugged","convex","rugged",8,5,288,18.8217708333333,11.44,17.875,29,0.300594938472629,17.5986111111111,2.5,14.125,45.62,0.763379239940212,15.9107291666667,1,14.345,38.19,0.654895284203001,2.54270833333333,0,1.65,8,0.14837423451077,2025-08-05
"279","convex.rugged","convex","rugged",8,6,288,19.2135416666667,11.88,17.88,30.5,0.315199198278152,19.7575694444444,2.94,12.965,47.69,0.885305857988073,18.1922222222222,1.38,12.685,40.12,0.776410487428268,2.59791666666667,0,1.5,8,0.153852591130978,2025-08-06
"280","convex.rugged","convex","rugged",8,7,288,19.5967361111111,12.19,18.685,29.81,0.299498648133095,18.9401388888889,2.69,14.065,46.12,0.792833588859018,17.5875,1.38,14.185,38.38,0.710497597152465,2.45902777777778,0,1.45,7.8,0.146350151413782,2025-08-07
"281","convex.rugged","convex","rugged",8,8,288,19.5884027777778,14,18.41,28.88,0.246080553099971,19.4129513888889,8.31,13.91,42.62,0.588759972861699,17.6557986111111,7.62,14.12,36.38,0.443831024407782,2.48159722222222,0,1.4,7.4,0.140500101663772,2025-08-08
"282","convex.rugged","convex","rugged",8,9,288,17.4902777777778,10.81,16.815,28,0.272993963036293,14.1370138888889,-0.75,10.44,41.75,0.742474558288092,12.3496180555556,-2.38,9.81,36.12,0.66570033095078,2.11597222222222,0,1.05,7.2,0.135834487989585,2025-08-09
"283","convex.rugged","convex","rugged",8,10,288,16.9369097222222,10.12,16,27.5,0.29162924410771,14.8402430555556,-0.62,10.28,43.5,0.822429134408558,12.8704513888889,-2.25,9.845,36.12,0.725674646733521,2.18576388888889,0,1.15,7.4,0.137622979879408,2025-08-10
"284","convex.rugged","convex","rugged",8,11,288,18.1790972222222,11.44,16.75,29.25,0.305018729339277,17.275,1.81,11,47.12,0.843777448615053,15.5434375,0.31,11.06,39,0.745112276245082,2.40069444444444,0,1.4,7.5,0.142345671617753,2025-08-11
"285","convex.rugged","convex","rugged",8,12,288,19.2665625,12.38,17.88,30.5,0.305489314327285,19.5315625,3.5,13.625,47.56,0.84751735573629,17.9157638888889,2.38,13.655,42.12,0.74422463262964,2.57361111111111,0,1.85,7.7,0.143693208430352,2025-08-12
"286","convex.rugged","convex","rugged",8,13,288,20.0334722222222,13.62,19.06,29.88,0.276008031945511,20.2956597222222,5.25,15.565,46.06,0.748563633557925,19.1983333333333,3.75,15.625,40.81,0.682656035620733,2.609375,0,2.15,7.4,0.139769383759872,2025-08-13
"287","convex.rugged","convex","rugged",8,14,288,19.1738194444444,13.38,18.44,28.25,0.23563493290542,19.2280555555556,6.69,14.5,43.38,0.640547362212512,18.42875,5.88,15.22,38.81,0.574949584026699,2.52916666666667,0,2.2,7.3,0.132416225643923,2025-08-14
"288","convex.rugged","convex","rugged",8,15,288,19.0044097222222,13.38,18.53,27.12,0.207603946755683,17.6370486111111,5.44,17.185,42.88,0.51015307779819,17.1419791666667,4.62,17.56,37.62,0.478216486726422,2.60763888888889,0,2.8,7.2,0.126506752816152,2025-08-15
"289","convex.rugged","convex","rugged",8,16,288,16.5697222222222,12.38,15.88,24,0.185107453601535,16.5164236111111,7.5,12.22,40.88,0.524236034773319,15.9207986111111,7.38,12.25,35.25,0.458668950032545,3.28541666666667,0,3.6,7.5,0.149158772800946,2025-08-16
"290","convex.rugged","convex","rugged",8,17,288,15.8542361111111,12.12,15.5,23.62,0.156621516584799,13.3813888888889,5.12,12.185,30.56,0.361655089619666,13.1289930555556,4,12.315,28.88,0.358683832579065,3.20763888888889,0,3.55,8.4,0.150540354412931,2025-08-17
"291","convex.rugged","convex","rugged",8,18,288,14.1896527777778,8.88,13.12,24.31,0.245725408042274,15.0347569444444,2.12,9.315,44.12,0.750114434931738,14.4441319444444,1.25,9.28,39.12,0.683250715443611,3.87222222222222,0,4.35,8.6,0.173677939131771,2025-08-18
"292","convex.rugged","convex","rugged",8,19,288,16.7642361111111,9.88,15.405,28.19,0.300990461375521,18.3340625,1.19,11.155,48.25,0.90611592915972,17.4851041666667,-0.12,11.47,42.75,0.833304333096401,3.48611111111111,0,3.9,8.4,0.164961678451938,2025-08-19
"293","convex.rugged","convex","rugged",8,20,288,19.1461458333333,13.81,17.75,28.12,0.25456476747873,21.1884027777778,6.88,14.095,47.94,0.74070969026573,20.4167708333333,5.5,14.84,41.75,0.676375121858688,3.46319444444444,0,4.05,8,0.157762659033303,2025-08-20
"294","convex.rugged","convex","rugged",8,21,288,19.721875,14.62,19.06,28,0.199291870519591,20.0213888888889,8.5,17.12,44.88,0.519247770574854,19.3160416666667,7.75,17,39.88,0.47610311991361,3.49027777777778,0,4.6,7.7,0.15464532286141,2025-08-21
"295","convex.rugged","convex","rugged",8,22,288,18.0745138888889,11.69,17.095,28.25,0.273844975497475,18.4455555555556,2.62,12.875,45.56,0.813615730192012,17.3744097222222,1.25,12.84,40.31,0.741584584024594,3.32048611111111,0,4,7.8,0.15413268812642,2025-08-22
"296","convex.rugged","convex","rugged",8,23,288,19.0726736111111,13.06,18.06,27.75,0.258717190772273,19.2827777777778,5.38,13.88,43.12,0.738695088530726,18.3361805555556,4.69,14,40,0.675537027723308,3.20729166666667,0,3.8,7.5,0.147922225832457,2025-08-23
"297","convex.rugged","convex","rugged",8,24,288,18.6082291666667,13.38,18.345,26.75,0.189805562941949,17.0457986111111,6.12,15.815,39.25,0.465243349837829,16.61375,5,16,36.88,0.453298298625507,2.98680555555556,0,3.85,7,0.133089473802621,2025-08-24
"298","convex.rugged","convex","rugged",8,25,288,16.5144791666667,13.5,16.47,20.38,0.104286082647262,15.2798263888889,9.31,13.44,30,0.304512306823964,14.7098263888889,8.5,13.12,27.25,0.280459879553895,3.29479166666667,0,3.75,8.5,0.143600678960172,2025-08-25
"299","convex.rugged","convex","rugged",8,26,288,14.0877777777778,11.19,13.62,18.75,0.125090219947144,11.9464930555556,5.75,10.56,27.94,0.305815198307254,11.3823611111111,5.12,10.28,25.38,0.279090022641534,5.13680555555556,0,5.9,10.1,0.175724051788517,2025-08-26
"300","convex.rugged","convex","rugged",8,27,288,15.5214930555556,13.25,15,19.25,0.107524793550395,14.5675,10.75,12.97,27.88,0.221514934358879,13.8745486111111,10.5,12.38,24.19,0.196381745682373,9.97118055555556,4.9,8.7,31.2,0.251093013243092,2025-08-27
"301","convex.rugged","convex","rugged",8,28,288,13.3982638888889,11.25,12.88,17.69,0.108681793057462,12.3537847222222,6.88,10.38,28.25,0.272849242157913,11.4006597222222,6.38,9.72,25.62,0.241967662055098,28.1965277777778,13.5,27.2,40.1,0.15118324956462,2025-08-28
"302","convex.rugged","convex","rugged",8,29,288,13.1150694444444,9,12.56,19.5,0.172844784067231,13.0152430555556,3.75,9.03,32.94,0.478431767186301,12.1842361111111,2.75,8.5,30,0.453582227823911,24.93125,19.3,25.2,28.2,0.12218167920064,2025-08-29
"303","convex.rugged","convex","rugged",8,30,288,12.5850694444444,7.62,11.62,20.5,0.217182263059775,12.8816319444444,2.12,7.81,34.88,0.614505068767986,12.1331944444444,1,7.62,31.5,0.579612814368211,21.9458333333333,16.2,23.15,26,0.178772559010624,2025-08-30
"304","convex.rugged","convex","rugged",8,31,288,13.18,7.38,12.12,22.5,0.260773032589156,13.7448958333333,0.38,8.035,40.38,0.741899725522454,12.8263888888889,-0.88,7.91,35.69,0.69102031219747,19.6326388888889,14.3,21,24.2,0.207841847508719,2025-08-31
"305","convex.rugged","convex","rugged",9,1,288,14.3165277777778,8.75,13.59,22.12,0.239329403324793,15.0656597222222,1.62,9.72,42.38,0.705967224563244,14.4973958333333,0.5,9.815,38.25,0.67891701398733,17.9822916666667,12.5,19.4,22.8,0.217090058254861,2025-09-01
"306","convex.rugged","convex","rugged",9,2,288,15.5022222222222,10,14.75,24.25,0.240318579131184,16.8758680555556,2.88,11.88,42.5,0.723105324476204,16.0771527777778,1.62,12.25,37.94,0.676894717007935,16.6604166666667,10.8,18,21.7,0.227190395011672,2025-09-02
"307","convex.rugged","convex","rugged",9,3,288,15.7414236111111,10.25,14.815,25.25,0.253655078048548,16.5065277777778,2.5,10.72,42.5,0.758662303150655,15.5527777777778,1.12,10.625,37.5,0.704405164596349,15.2916666666667,9.2,16.65,20.5,0.237869158053493,2025-09-03
"308","convex.rugged","convex","rugged",9,4,288,16.0295486111111,11,15.155,24.88,0.238947917454007,15.9000347222222,3,11.155,41.62,0.679920337578332,15.0327083333333,1.75,11.56,37.88,0.622436407974558,13.9069444444444,7.6,15.4,19.5,0.244427492439156,2025-09-04
"309","convex.rugged","convex","rugged",9,5,288,14.9104513888889,10.19,14.125,23.25,0.215206052429789,14.3694791666667,2.38,9.75,38,0.632159203973988,13.4107291666667,1.31,10,33.56,0.578887040373948,12.6545138888889,6.1,14.3,17.8,0.247315585219993,2025-09-05
"310","convex.rugged","convex","rugged",9,6,288,14.6244444444444,9.94,14.06,22.62,0.208739908472646,13.2867013888889,0.81,8.815,36.69,0.603231574072501,12.4545833333333,-0.19,8.78,31.62,0.562792328972878,11.4232638888889,4.9,13.25,16.7,0.24153231607185,2025-09-06
"311","convex.rugged","convex","rugged",9,7,288,14.1407638888889,10.38,13.88,19.94,0.136449557725306,12.9248611111111,3,12.03,33.88,0.406401995813833,12.2750347222222,1.88,11.685,28.62,0.369511283787077,12.0732638888889,3.6,12.7,43.4,0.418135392423229,2025-09-07
"312","convex.rugged","convex","rugged",9,8,288,12.5449305555556,8.75,11.69,20.12,0.171988228149455,13.3522222222222,4.19,9.315,32.62,0.488588419086861,12.7850347222222,4.19,9.09,30.75,0.456012946940598,27.8482638888889,23,27.4,31.1,0.105259892349291,2025-09-08
"313","convex.rugged","convex","rugged",9,9,288,12.8775347222222,9.31,12.25,19.38,0.164374155861662,12.9045486111111,4.12,9.38,29.88,0.412515722276301,12.7480555555556,3.31,9.815,28.38,0.406355724369575,24.2076388888889,19.7,24.7,28.2,0.14095620144725,2025-09-09
"314","convex.rugged","convex","rugged",9,10,288,12.2328125,8.62,11.22,18.62,0.17414898096202,13.0510069444444,4.62,8.625,31.62,0.508539994452767,12.7965625,3.81,8.56,31,0.506333972173717,22.0263888888889,16.1,22.9,25.8,0.169662371837978,2025-09-10
"315","convex.rugged","convex","rugged",9,11,288,12.5092361111111,8.31,11.88,18.75,0.179446828465503,12.9655902777778,2.88,10.69,34.06,0.490910121146229,12.8472222222222,2.44,11.185,30.19,0.479761878183593,19.440625,13.6,20.8,24.1,0.212243066400632,2025-09-11
"316","convex.rugged","convex","rugged",9,12,288,13.1018402777778,9.88,12.38,17.94,0.132511774793501,13.9111805555556,7.88,11.12,27.31,0.330890573899744,13.7010416666667,7.12,11.78,26.12,0.298525977085935,17.559375,11.9,18.9,22.3,0.219626402052801,2025-09-12
